date,revenue
2011-01-29,416881.3500000242
2011-01-30,405060.8100000122
2011-01-31,303301.57000000664
2011-02-01,332166.9300000157
2011-02-02,263827.6400000129
2011-02-03,395516.230000009
2011-02-04,360755.7100000167
2011-02-05,502140.9700000103
2011-02-06,485232.4100000033
2011-02-07,367535.8800000067
2011-02-08,337354.77000002324
2011-02-09,348541.160000009
2011-02-10,346262.06000001443
2011-02-11,383272.65000001324
2011-02-12,500608.81000001245
2011-02-13,557463.7900000135
2011-02-14,335089.7200000125
2011-02-15,350094.370000008
2011-02-16,309858.1900000107
2011-02-17,292418.4900000091
2011-02-18,340473.350000011
2011-02-19,425125.84000001394
2011-02-20,410534.06000001065
2011-02-21,334568.51000001316
2011-02-22,285442.77000000956
2011-02-23,284685.5200000176
2011-02-24,280709.59000000515
2011-02-25,317107.39000001515
2011-02-26,415378.24000000715
2011-02-27,420849.3400000093
2011-02-28,306020.85000001075
2011-03-01,331638.62000000814
2011-03-02,325129.57000001246
2011-03-03,349693.23000001744
2011-03-04,352196.77000000805
2011-03-05,468541.580000012
2011-03-06,515836.030000012
2011-03-07,367605.3100000187
2011-03-08,338712.45000001445
2011-03-09,331063.45000001515
2011-03-10,326480.740000016
2011-03-11,372301.8600000114
2011-03-12,454482.9200000068
2011-03-13,462434.60000001045
2011-03-14,366041.46000001207
2011-03-15,352549.76000001834
2011-03-16,315369.32000000903
2011-03-17,304372.4200000123
2011-03-18,332906.2200000113
2011-03-19,418855.7900000138
2011-03-20,414219.96000000916
2011-03-21,319788.15000001044
2011-03-22,285992.8400000105
2011-03-23,273018.1500000141
2011-03-24,261874.17000001014
2011-03-25,317703.5400000176
2011-03-26,402277.3900000174
2011-03-27,409676.6800000108
2011-03-28,298418.2200000157
2011-03-29,269633.7800000073
2011-03-30,258122.86000001308
2011-03-31,293928.41000001045
2011-04-01,385005.7700000119
2011-04-02,449630.41000001726
2011-04-03,475491.08000001864
2011-04-04,352855.15000000555
2011-04-05,352211.0600000074
2011-04-06,335871.3400000104
2011-04-07,337436.0300000082
2011-04-08,356521.59000001336
2011-04-09,463792.920000014
2011-04-10,454626.51000001945
2011-04-11,364340.1500000145
2011-04-12,343270.9500000107
2011-04-13,310577.8100000128
2011-04-14,315166.7900000167
2011-04-15,379054.34000000515
2011-04-16,421482.0800000092
2011-04-17,425852.09000001213
2011-04-18,323200.7500000135
2011-04-19,286351.4600000119
2011-04-20,293819.9500000201
2011-04-21,295961.24000001285
2011-04-22,363488.7900000149
2011-04-23,463435.84000001533
2011-04-24,369669.7300000055
2011-04-25,275253.24000001256
2011-04-26,254179.9100000081
2011-04-27,248599.05000000852
2011-04-28,249315.90000000378
2011-04-29,314608.6900000094
2011-04-30,383825.85000001435
2011-05-01,411552.7000000056
2011-05-02,329696.05000001035
2011-05-03,351313.64000002213
2011-05-04,298985.3900000129
2011-05-05,310953.2100000138
2011-05-06,378155.7400000159
2011-05-07,418708.9900000107
2011-05-08,346263.81000000914
2011-05-09,382840.5000000018
2011-05-10,326038.16000000585
2011-05-11,321684.87000001513
2011-05-12,327706.79000000755
2011-05-13,365349.17000000563
2011-05-14,412579.65999999864
2011-05-15,465333.0400000151
2011-05-16,324027.21000001027
2011-05-17,290539.1700000145
2011-05-18,272085.6900000125
2011-05-19,274955.80000001076
2011-05-20,307761.0500000087
2011-05-21,376032.2800000127
2011-05-22,382931.5600000107
2011-05-23,304611.8400000171
2011-05-24,275770.300000015
2011-05-25,275994.47000002087
2011-05-26,294412.5600000126
2011-05-27,315230.6100000141
2011-05-28,367521.0000000116
2011-05-29,345553.27000001736
2011-05-30,335252.69000001095
2011-05-31,279658.590000012
2011-06-01,330895.4900000109
2011-06-02,332514.790000023
2011-06-03,393467.44000001746
2011-06-04,444749.30000001786
2011-06-05,477150.5100000161
2011-06-06,406403.9800000179
2011-06-07,397999.9600000153
2011-06-08,369440.03000001557
2011-06-09,372959.70000001875
2011-06-10,386188.450000024
2011-06-11,441384.69000002346
2011-06-12,480832.75000000757
2011-06-13,391493.06000001624
2011-06-14,365532.60000002023
2011-06-15,391218.840000019
2011-06-16,343805.11000001495
2011-06-17,369672.25000001705
2011-06-18,416245.5800000246
2011-06-19,390663.7800000284
2011-06-20,353261.28000002034
2011-06-21,316553.240000022
2011-06-22,308055.400000024
2011-06-23,327468.0500000162
2011-06-24,355601.68000001676
2011-06-25,379682.43000002357
2011-06-26,404761.17000002624
2011-06-27,329100.39000002213
2011-06-28,284929.9000000156
2011-06-29,285821.3200000204
2011-06-30,314474.23000001267
2011-07-01,440351.01000001334
2011-07-02,478421.68000002764
2011-07-03,450442.11000001815
2011-07-04,358129.6500000153
2011-07-05,407082.1100000191
2011-07-06,398812.2500000228
2011-07-07,414340.3700000276
2011-07-08,418625.0300000199
2011-07-09,484527.92000001314
2011-07-10,480677.610000008
2011-07-11,412386.79000002414
2011-07-12,379266.2700000137
2011-07-13,372910.91000001505
2011-07-14,357079.1700000054
2011-07-15,433172.39000000956
2011-07-16,461162.08000000863
2011-07-17,469412.58000002895
2011-07-18,368488.0400000043
2011-07-19,340731.860000014
2011-07-20,339848.820000012
2011-07-21,340646.0100000235
2011-07-22,383341.050000016
2011-07-23,436359.16000000946
2011-07-24,432541.17000000644
2011-07-25,341811.6200000152
2011-07-26,311437.9300000146
2011-07-27,302094.8100000131
2011-07-28,312217.5500000199
2011-07-29,352930.69000001595
2011-07-30,401653.3300000085
2011-07-31,427158.47000001493
2011-08-01,395878.32000001246
2011-08-02,377507.3900000153
2011-08-03,405099.8800000157
2011-08-04,362735.4500000182
2011-08-05,399770.21000001155
2011-08-06,468896.7400000133
2011-08-07,498899.1300000106
2011-08-08,409192.23000001576
2011-08-09,413887.7100000068
2011-08-10,381384.0100000215
2011-08-11,395982.22000001144
2011-08-12,441089.18000001507
2011-08-13,508743.0600000141
2011-08-14,523512.43000000925
2011-08-15,435774.30000001425
2011-08-16,378547.9200000109
2011-08-17,357289.730000006
2011-08-18,351518.81000002124
2011-08-19,394173.20000000484
2011-08-20,468165.0400000088
2011-08-21,525673.0400000002
2011-08-22,386696.34000000096
2011-08-23,340629.27000000345
2011-08-24,332362.27000001346
2011-08-25,319805.65000001405
2011-08-26,355308.47000001365
2011-08-27,451027.2200000092
2011-08-28,476294.2000000205
2011-08-29,345081.049999999
2011-08-30,301347.63000001933
2011-08-31,327184.5600000137
2011-09-01,394469.17000001576
2011-09-02,433486.52000002563
2011-09-03,503460.8900000088
2011-09-04,411980.91000000987
2011-09-05,471397.1999999991
2011-09-06,412245.2900000156
2011-09-07,384182.0100000028
2011-09-08,373389.82000001153
2011-09-09,435186.17000001046
2011-09-10,506932.11000000825
2011-09-11,556357.4600000083
2011-09-12,421421.6300000097
2011-09-13,389611.9100000127
2011-09-14,361710.56000000605
2011-09-15,409249.1100000199
2011-09-16,407701.22000001016
2011-09-17,483548.77000000427
2011-09-18,497907.76000000245
2011-09-19,379935.02000001096
2011-09-20,347088.28000000695
2011-09-21,334962.62000001833
2011-09-22,330254.19000002294
2011-09-23,392452.56000001467
2011-09-24,476595.06000001094
2011-09-25,503259.71000002656
2011-09-26,360699.00000001676
2011-09-27,333434.02000001393
2011-09-28,323981.2600000173
2011-09-29,314224.9100000145
2011-09-30,412123.79000002437
2011-10-01,559311.7400000058
2011-10-02,565672.7799999994
2011-10-03,467468.5800000199
2011-10-04,399714.8500000176
2011-10-05,412701.2900000167
2011-10-06,411508.75000000926
2011-10-07,459976.4000000298
2011-10-08,546874.850000035
2011-10-09,573682.7000000048
2011-10-10,470316.1300000331
2011-10-11,420529.4900000232
2011-10-12,435133.88000002137
2011-10-13,404672.06000002177
2011-10-14,452944.450000022
2011-10-15,587115.790000014
2011-10-16,554968.7699999985
2011-10-17,426967.4400000241
2011-10-18,364971.7100000148
2011-10-19,339137.4700000181
2011-10-20,332925.44000002136
2011-10-21,389396.2600000142
2011-10-22,482259.8200000159
2011-10-23,493704.4300000101
2011-10-24,371016.0400000105
2011-10-25,332046.3100000114
2011-10-26,315188.7100000154
2011-10-27,328437.57000001223
2011-10-28,386612.7000000146
2011-10-29,480554.380000012
2011-10-30,493249.9900000178
2011-10-31,330900.05000002234
2011-11-01,377652.1800000146
2011-11-02,358049.3600000213
2011-11-03,403667.020000011
2011-11-04,409336.8000000021
2011-11-05,532600.4300000204
2011-11-06,598793.3900000143
2011-11-07,423492.1600000235
2011-11-08,389350.3600000135
2011-11-09,412012.72000001627
2011-11-10,391836.5000000113
2011-11-11,445513.4400000217
2011-11-12,533852.3000000158
2011-11-13,557033.6100000258
2011-11-14,409279.05000001116
2011-11-15,418651.5400000144
2011-11-16,368699.20000002347
2011-11-17,348980.88000001624
2011-11-18,388899.8400000184
2011-11-19,498841.78000001935
2011-11-20,493155.55000001355
2011-11-21,390494.95000001125
2011-11-22,387206.8400000111
2011-11-23,481356.64000001183
2011-11-24,304110.4400000078
2011-11-25,327742.88000001834
2011-11-26,358270.52000001573
2011-11-27,406261.05000000953
2011-11-28,335205.77000000956
2011-11-29,314433.97000001854
2011-11-30,309987.6300000195
2011-12-01,377494.12000000826
2011-12-02,428133.5900000176
2011-12-03,561722.1000000047
2011-12-04,541909.2999999936
2011-12-05,465969.22000001324
2011-12-06,436121.77000000613
2011-12-07,402499.02000000695
2011-12-08,408754.9400000125
2011-12-09,452138.81000001554
2011-12-10,530979.590000004
2011-12-11,589622.319999995
2011-12-12,479858.9400000142
2011-12-13,445170.06999999477
2011-12-14,434069.7400000229
2011-12-15,492306.23000000435
2011-12-16,449510.8500000065
2011-12-17,525803.7500000083
2011-12-18,512810.27000000834
2011-12-19,430346.6500000036
2011-12-20,420471.6300000074
2011-12-21,418622.4000000023
2011-12-22,436522.0000000056
2011-12-23,548603.80000001
2011-12-24,498201.5600000064
2011-12-25,228.83999999999955
2011-12-26,409120.63000000315
2011-12-27,366550.7300000055
2011-12-28,366953.92000000837
2011-12-29,364546.22000000195
2011-12-30,489265.5699999974
2011-12-31,533243.4499999998
2012-01-01,333495.1400000055
2012-01-02,504703.2299999996
2012-01-03,447089.8300000219
2012-01-04,390382.5600000062
2012-01-05,447722.990000009
2012-01-06,469531.30999999744
2012-01-07,576355.4399999914
2012-01-08,604886.2600000054
2012-01-09,465130.4700000034
2012-01-10,415559.3200000004
2012-01-11,457209.13000000577
2012-01-12,402513.4600000077
2012-01-13,469320.8700000041
2012-01-14,568251.6899999937
2012-01-15,584549.5999999916
2012-01-16,489578.75000001164
2012-01-17,358024.41000001994
2012-01-18,392254.77000000764
2012-01-19,374995.47000000847
2012-01-20,414800.15000001143
2012-01-21,579555.0499999867
2012-01-22,515123.52000001585
2012-01-23,379156.8700000038
2012-01-24,359022.5100000176
2012-01-25,340528.73000001354
2012-01-26,337643.2799999984
2012-01-27,396386.9600000104
2012-01-28,503060.4900000096
2012-01-29,515518.6699999875
2012-01-30,385593.0700000033
2012-01-31,381516.1899999913
2012-02-01,437150.829999997
2012-02-02,444977.18000000203
2012-02-03,535104.9100000119
2012-02-04,655947.2299999815
2012-02-05,666808.0899999706
2012-02-06,496093.6299999971
2012-02-07,453231.5300000086
2012-02-08,453379.6900000092
2012-02-09,478079.1400000022
2012-02-10,472166.8400000036
2012-02-11,649529.6199999742
2012-02-12,685183.4399999684
2012-02-13,553999.0699999942
2012-02-14,406134.95000000636
2012-02-15,419545.68000002013
2012-02-16,387996.96000001195
2012-02-17,429721.4000000089
2012-02-18,557472.2100000045
2012-02-19,563328.5799999948
2012-02-20,462722.07000000833
2012-02-21,387707.7000000096
2012-02-22,368943.9400000022
2012-02-23,370552.23000001913
2012-02-24,420171.68000000244
2012-02-25,527012.900000005
2012-02-26,557708.6600000034
2012-02-27,416631.8900000149
2012-02-28,366514.1400000042
2012-02-29,364519.03000001534
2012-03-01,451636.8600000042
2012-03-02,493306.3500000043
2012-03-03,635013.1899999904
2012-03-04,622172.8599999944
2012-03-05,535145.5799999898
2012-03-06,517162.98000000016
2012-03-07,462069.09999999875
2012-03-08,474412.31000000774
2012-03-09,525565.4000000013
2012-03-10,619758.8499999903
2012-03-11,665604.899999987
2012-03-12,537652.2800000088
2012-03-13,473567.0600000035
2012-03-14,442634.12000000454
2012-03-15,499593.36000001687
2012-03-16,483673.17000000394
2012-03-17,582959.0199999844
2012-03-18,595884.340000011
2012-03-19,451792.97000000393
2012-03-20,390499.74999999744
2012-03-21,400137.73000000406
2012-03-22,400527.01000000106
2012-03-23,435621.27000000933
2012-03-24,569955.2199999971
2012-03-25,597754.9599999887
2012-03-26,438310.84000001114
2012-03-27,378002.94999999454
2012-03-28,382061.8700000081
2012-03-29,366442.3499999976
2012-03-30,459448.3500000051
2012-03-31,557382.5599999919
2012-04-01,630393.239999979
2012-04-02,493686.1999999992
2012-04-03,533343.8000000097
2012-04-04,451728.450000002
2012-04-05,501900.99999999796
2012-04-06,617335.9699999847
2012-04-07,735257.4499999551
2012-04-08,594465.7099999957
2012-04-09,511521.3599999856
2012-04-10,457554.0199999945
2012-04-11,466905.7800000079
2012-04-12,455719.9799999979
2012-04-13,494783.9999999962
2012-04-14,593062.9799999862
2012-04-15,626435.4599999815
2012-04-16,434555.04000000143
2012-04-17,414762.0200000087
2012-04-18,389457.4200000017
2012-04-19,381971.7599999934
2012-04-20,435540.5499999942
2012-04-21,564819.3399999879
2012-04-22,574750.529999997
2012-04-23,415167.6400000068
2012-04-24,387851.98999999755
2012-04-25,375443.5000000124
2012-04-26,381417.98000000743
2012-04-27,437036.9999999923
2012-04-28,532699.4200000014
2012-04-29,573299.5799999903
2012-04-30,426478.9599999966
2012-05-01,467708.67999999225
2012-05-02,463864.56000000786
2012-05-03,513009.3299999952
2012-05-04,517565.0600000095
2012-05-05,640125.5899999773
2012-05-06,690767.2399999704
2012-05-07,573673.5099999751
2012-05-08,508477.6399999877
2012-05-09,518675.06999999034
2012-05-10,480277.52000000206
2012-05-11,549796.0700000034
2012-05-12,677715.8299999627
2012-05-13,566588.4999999804
2012-05-14,524500.4999999922
2012-05-15,535027.6200000002
2012-05-16,473421.96000000293
2012-05-17,451072.78000000183
2012-05-18,522769.3999999865
2012-05-19,602793.0299999792
2012-05-20,647253.1599999513
2012-05-21,461618.8600000034
2012-05-22,438808.67000000284
2012-05-23,419018.7999999951
2012-05-24,440691.4199999943
2012-05-25,527280.1199999888
2012-05-26,589940.1699999673
2012-05-27,543978.7099999856
2012-05-28,531958.3899999902
2012-05-29,435922.779999992
2012-05-30,425361.27999999473
2012-05-31,433801.8399999949
2012-06-01,570364.3599999838
2012-06-02,679313.7899999768
2012-06-03,717205.2199999652
2012-06-04,534124.9499999991
2012-06-05,561877.889999993
2012-06-06,562044.1799999905
2012-06-07,551429.0699999944
2012-06-08,601901.4699999742
2012-06-09,711243.7799999787
2012-06-10,692576.1399999643
2012-06-11,629040.4799999568
2012-06-12,567867.0599999974
2012-06-13,512611.54000000545
2012-06-14,532685.5099999956
2012-06-15,648962.1999999664
2012-06-16,670470.3499999676
2012-06-17,604973.3999999682
2012-06-18,523798.74999999115
2012-06-19,485108.81999999215
2012-06-20,476624.7100000001
2012-06-21,468185.3099999995
2012-06-22,536170.4200000023
2012-06-23,590169.2699999824
2012-06-24,619403.8699999738
2012-06-25,484408.27999998897
2012-06-26,434777.7800000022
2012-06-27,425610.3800000089
2012-06-28,441108.4299999959
2012-06-29,533818.1200000007
2012-06-30,571784.8199999742
2012-07-01,630193.4299999758
2012-07-02,558924.8999999963
2012-07-03,634163.9499999838
2012-07-04,533660.6799999912
2012-07-05,547250.0399999905
2012-07-06,629785.6199999859
2012-07-07,661576.489999974
2012-07-08,682633.2499999532
2012-07-09,594665.5199999866
2012-07-10,523506.59999999154
2012-07-11,532407.1299999951
2012-07-12,535459.4699999988
2012-07-13,567145.0600000083
2012-07-14,656100.3099999704
2012-07-15,712196.9299999799
2012-07-16,514540.1199999988
2012-07-17,479866.7899999968
2012-07-18,434870.3300000156
2012-07-19,466926.1900000034
2012-07-20,533327.3599999913
2012-07-21,590241.0199999934
2012-07-22,610253.8799999831
2012-07-23,469723.4699999982
2012-07-24,454168.7300000075
2012-07-25,438622.06999999925
2012-07-26,433562.92000001273
2012-07-27,488960.3699999993
2012-07-28,522303.7399999993
2012-07-29,555889.3199999968
2012-07-30,439005.819999998
2012-07-31,436709.3799999874
2012-08-01,502403.26000000257
2012-08-02,535447.810000004
2012-08-03,614534.1699999765
2012-08-04,626152.3199999644
2012-08-05,684556.9199999637
2012-08-06,592941.309999993
2012-08-07,513282.5499999944
2012-08-08,515394.2400000031
2012-08-09,567858.9099999893
2012-08-10,557112.7799999831
2012-08-11,680131.7899999724
2012-08-12,719205.2699999805
2012-08-13,558851.9899999818
2012-08-14,529490.6699999932
2012-08-15,565551.3099999728
2012-08-16,528269.8199999894
2012-08-17,535626.5599999967
2012-08-18,635240.3399999802
2012-08-19,665389.8899999767
2012-08-20,502046.1499999945
2012-08-21,454817.4199999904
2012-08-22,434311.9700000049
2012-08-23,425896.1600000078
2012-08-24,495331.5600000049
2012-08-25,591416.1999999835
2012-08-26,631643.0899999754
2012-08-27,469312.48999999405
2012-08-28,426896.45999998867
2012-08-29,405012.43000000407
2012-08-30,418276.3999999859
2012-08-31,525816.3999999764
2012-09-01,644064.5799999648
2012-09-02,654272.659999967
2012-09-03,701247.3699999654
2012-09-04,478749.3100000064
2012-09-05,513688.7699999896
2012-09-06,511542.0900000051
2012-09-07,533298.6499999933
2012-09-08,663300.6199999693
2012-09-09,737440.3299999413
2012-09-10,516128.6500000012
2012-09-11,506862.6800000005
2012-09-12,500791.69000000914
2012-09-13,471355.1699999966
2012-09-14,539581.8899999982
2012-09-15,692402.0499999872
2012-09-16,672739.0799999703
2012-09-17,482721.4900000011
2012-09-18,432901.96999999613
2012-09-19,403696.5299999914
2012-09-20,425225.4799999903
2012-09-21,488331.01000000135
2012-09-22,603158.7799999731
2012-09-23,611539.879999995
2012-09-24,438818.7999999968
2012-09-25,415147.7199999923
2012-09-26,401908.1900000005
2012-09-27,402000.39000001346
2012-09-28,472543.6599999938
2012-09-29,594798.3399999785
2012-09-30,608041.3199999857
2012-10-01,511894.2999999892
2012-10-02,518191.8799999966
2012-10-03,533447.2900000012
2012-10-04,458036.0799999925
2012-10-05,532199.0499999982
2012-10-06,671792.9099999829
2012-10-07,647748.2899999557
2012-10-08,526438.0399999856
2012-10-09,507882.1200000024
2012-10-10,457844.10000000306
2012-10-11,466769.0899999955
2012-10-12,532040.519999999
2012-10-13,612885.6199999653
2012-10-14,644095.5799999929
2012-10-15,538301.9700000044
2012-10-16,414430.1200000035
2012-10-17,392603.68999999587
2012-10-18,382805.59000000346
2012-10-19,433322.4699999944
2012-10-20,535446.3500000046
2012-10-21,542075.2899999913
2012-10-22,392529.57999999623
2012-10-23,368833.2399999945
2012-10-24,353986.6300000109
2012-10-25,349242.3600000045
2012-10-26,467293.18000000017
2012-10-27,558214.569999978
2012-10-28,560800.9799999961
2012-10-29,420539.9999999984
2012-10-30,431648.559999993
2012-10-31,394374.18999999226
2012-11-01,436160.7199999947
2012-11-02,514927.7000000101
2012-11-03,677089.139999977
2012-11-04,642636.4299999716
2012-11-05,537660.1999999899
2012-11-06,498121.65999999974
2012-11-07,476457.7400000135
2012-11-08,504024.82000000804
2012-11-09,579398.6699999811
2012-11-10,661192.779999983
2012-11-11,708151.4699999848
2012-11-12,552378.0200000011
2012-11-13,467099.1400000007
2012-11-14,459808.1400000067
2012-11-15,497847.21999999933
2012-11-16,505371.0100000022
2012-11-17,622275.69999995
2012-11-18,583751.0699999982
2012-11-19,460172.45000001614
2012-11-20,486592.00999998907
2012-11-21,562911.6099999845
2012-11-22,364091.20000000123
2012-11-23,331865.260000006
2012-11-24,442176.8200000029
2012-11-25,498228.53000000364
2012-11-26,403087.1100000069
2012-11-27,378451.9500000133
2012-11-28,357425.1700000063
2012-11-29,362094.0700000053
2012-11-30,435035.51000000926
2012-12-01,625511.9899999752
2012-12-02,645299.0399999672
2012-12-03,566800.9899999938
2012-12-04,459548.34000001906
2012-12-05,511123.77000002866
2012-12-06,506186.0800000034
2012-12-07,527622.6800000003
2012-12-08,659922.9399999769
2012-12-09,718137.9199999641
2012-12-10,523951.89000000624
2012-12-11,513604.72000000667
2012-12-12,512398.6800000229
2012-12-13,473905.67000001064
2012-12-14,550651.8500000052
2012-12-15,682991.4399999727
2012-12-16,644549.7099999696
2012-12-17,511815.72000001406
2012-12-18,506861.9100000079
2012-12-19,523590.85000001633
2012-12-20,516790.2600000117
2012-12-21,514143.8900000116
2012-12-22,632922.4899999655
2012-12-23,626653.8499999781
2012-12-24,545172.5699999876
2012-12-25,248.32000000000053
2012-12-26,443171.58000001276
2012-12-27,425346.69000001304
2012-12-28,471097.9800000005
2012-12-29,535625.3399999957
2012-12-30,530885.649999991
2012-12-31,581391.169999986
2013-01-01,372365.4400000166
2013-01-02,507339.89000000485
2013-01-03,573008.9799999904
2013-01-04,510685.1400000148
2013-01-05,676943.6799999671
2013-01-06,735432.9299999664
2013-01-07,560532.0399999905
2013-01-08,527096.0400000067
2013-01-09,530209.9200000183
2013-01-10,505889.8600000038
2013-01-11,591449.3199999916
2013-01-12,765296.1799999415
2013-01-13,694748.0599999517
2013-01-14,542709.5099999981
2013-01-15,549071.9599999996
2013-01-16,472903.41000000667
2013-01-17,469345.2000000108
2013-01-18,515944.18000001175
2013-01-19,669533.1499999617
2013-01-20,598232.0299999482
2013-01-21,499409.12999999826
2013-01-22,416149.5199999982
2013-01-23,396801.71000000596
2013-01-24,387392.07000001066
2013-01-25,452856.2200000077
2013-01-26,608929.3999999708
2013-01-27,593701.3199999682
2013-01-28,433760.6100000101
2013-01-29,392979.2700000039
2013-01-30,364586.76999999845
2013-01-31,400414.83000001556
2013-02-01,566826.7499999703
2013-02-02,778771.2899999156
2013-02-03,693535.9199999623
2013-02-04,460910.41999999684
2013-02-05,525738.7400000033
2013-02-06,535091.3799999969
2013-02-07,479659.94999999786
2013-02-08,564983.5499999819
2013-02-09,745127.679999949
2013-02-10,694346.7399999311
2013-02-11,600710.489999963
2013-02-12,590438.6099999653
2013-02-13,625739.3199999491
2013-02-14,477745.30999999534
2013-02-15,579397.8899999819
2013-02-16,653493.399999961
2013-02-17,669443.0899999655
2013-02-18,528096.6199999994
2013-02-19,433845.9099999957
2013-02-20,455548.2400000036
2013-02-21,463311.4899999905
2013-02-22,475755.27000000444
2013-02-23,611823.0799999674
2013-02-24,664169.1499999592
2013-02-25,491652.2499999953
2013-02-26,417582.8899999898
2013-02-27,406074.04999999225
2013-02-28,433024.74000001285
2013-03-01,564541.3799999866
2013-03-02,726921.9599999356
2013-03-03,760956.4399999211
2013-03-04,555749.6099999915
2013-03-05,508577.02999998385
2013-03-06,524092.9600000034
2013-03-07,478261.129999988
2013-03-08,551245.6499999838
2013-03-09,689801.0499999543
2013-03-10,683742.7399999541
2013-03-11,598429.2699999773
2013-03-12,556675.8399999851
2013-03-13,512797.49999999994
2013-03-14,524216.8499999905
2013-03-15,602150.2899999792
2013-03-16,664951.1999999373
2013-03-17,673555.4499999713
2013-03-18,498803.46999998717
2013-03-19,448786.28999999654
2013-03-20,443757.16999998986
2013-03-21,444997.20000000397
2013-03-22,498633.1199999979
2013-03-23,601487.1999999632
2013-03-24,628723.8499999526
2013-03-25,461560.3299999874
2013-03-26,451393.11999999627
2013-03-27,427700.4700000024
2013-03-28,449813.3800000026
2013-03-29,560128.689999978
2013-03-30,692992.4199999119
2013-03-31,539073.5099999799
2013-04-01,486833.6399999984
2013-04-02,506612.6800000009
2013-04-03,527363.1999999996
2013-04-04,477736.61999999866
2013-04-05,568726.0399999794
2013-04-06,704373.6299999356
2013-04-07,712861.2199999022
2013-04-08,544727.7899999794
2013-04-09,526009.4699999832
2013-04-10,478635.2099999885
2013-04-11,519248.67999999254
2013-04-12,557415.8099999728
2013-04-13,654220.9899999504
2013-04-14,661688.959999952
2013-04-15,544764.4899999826
2013-04-16,474094.42000000144
2013-04-17,445934.73999998736
2013-04-18,425139.9399999889
2013-04-19,488935.33999998117
2013-04-20,590432.3699999364
2013-04-21,597743.7299999566
2013-04-22,450254.099999989
2013-04-23,406849.3299999877
2013-04-24,406604.59999999084
2013-04-25,397718.9599999982
2013-04-26,452930.1899999929
2013-04-27,515141.5499999945
2013-04-28,588133.2799999594
2013-04-29,420895.9299999841
2013-04-30,421670.87999999383
2013-05-01,458827.1399999752
2013-05-02,488087.76000000344
2013-05-03,563672.6299999731
2013-05-04,613108.4899999308
2013-05-05,681525.7199999243
2013-05-06,589479.8599999559
2013-05-07,510830.0599999985
2013-05-08,492149.6999999897
2013-05-09,547247.4799999845
2013-05-10,516066.4400000043
2013-05-11,692198.9999999091
2013-05-12,601371.7999999564
2013-05-13,544643.4399999825
2013-05-14,517552.29000000446
2013-05-15,545824.2199999751
2013-05-16,489930.36999999615
2013-05-17,520258.7799999973
2013-05-18,591712.7199999442
2013-05-19,654780.879999908
2013-05-20,498622.58999998885
2013-05-21,448609.4899999955
2013-05-22,432344.9500000107
2013-05-23,455438.2600000078
2013-05-24,513651.95999999513
2013-05-25,569741.8099999725
2013-05-26,549920.8899999936
2013-05-27,537659.2599999837
2013-05-28,433408.90999999695
2013-05-29,391528.82000000804
2013-05-30,412766.7199999859
2013-05-31,511712.9700000045
2013-06-01,638447.4799999442
2013-06-02,705145.7899999026
2013-06-03,606029.7999999509
2013-06-04,513700.16000000277
2013-06-05,557964.5099999681
2013-06-06,540174.6299999726
2013-06-07,586379.9099999488
2013-06-08,682375.2399999127
2013-06-09,759229.4899998991
2013-06-10,584455.2699999334
2013-06-11,554373.2199999796
2013-06-12,555700.7199999772
2013-06-13,535283.2999999847
2013-06-14,624485.5299999451
2013-06-15,728652.5899999193
2013-06-16,605384.4599999674
2013-06-17,518529.11999999965
2013-06-18,462973.819999999
2013-06-19,454287.26999998087
2013-06-20,476249.739999989
2013-06-21,529437.6699999877
2013-06-22,613742.0199999312
2013-06-23,645490.799999913
2013-06-24,507919.3599999859
2013-06-25,475068.96999999485
2013-06-26,457680.2099999997
2013-06-27,462886.81999998866
2013-06-28,543694.4099999724
2013-06-29,654578.3999999042
2013-06-30,654153.43999991
2013-07-01,569227.0599999314
2013-07-02,573722.6199999473
2013-07-03,703420.6499998937
2013-07-04,584326.2799999701
2013-07-05,625476.7199999257
2013-07-06,639255.3599999554
2013-07-07,706646.729999915
2013-07-08,590862.1599999521
2013-07-09,597022.0699999586
2013-07-10,543510.2999999912
2013-07-11,583809.3499999846
2013-07-12,631968.7899999315
2013-07-13,685314.2799999218
2013-07-14,733607.3299999052
2013-07-15,610574.7299999711
2013-07-16,514524.9500000038
2013-07-17,501762.26999996457
2013-07-18,531063.2699999905
2013-07-19,545433.0399999828
2013-07-20,620321.5999999508
2013-07-21,624306.5499999347
2013-07-22,489843.39999998565
2013-07-23,468098.93999998906
2013-07-24,461273.6699999888
2013-07-25,469171.84999998676
2013-07-26,535683.4999999709
2013-07-27,595997.6699999291
2013-07-28,608979.1999999363
2013-07-29,478678.7399999813
2013-07-30,442472.0799999826
2013-07-31,456849.92999998253
2013-08-01,544622.3899999621
2013-08-02,612895.429999935
2013-08-03,711692.389999907
2013-08-04,665974.1999998885
2013-08-05,603801.5399999581
2013-08-06,582720.9999999591
2013-08-07,552531.8299999592
2013-08-08,554369.6699999716
2013-08-09,647101.3999999276
2013-08-10,656773.249999897
2013-08-11,744132.2399998864
2013-08-12,614781.9499999521
2013-08-13,551773.799999971
2013-08-14,527581.8000000076
2013-08-15,580848.33999996
2013-08-16,560087.3199999701
2013-08-17,654577.289999937
2013-08-18,654230.8599999152
2013-08-19,518602.81999998284
2013-08-20,457131.94999999384
2013-08-21,473292.8699999911
2013-08-22,459521.89999999915
2013-08-23,517964.5200000072
2013-08-24,630758.2599999234
2013-08-25,721391.5099998802
2013-08-26,512774.7699999806
2013-08-27,485942.38999999047
2013-08-28,473110.2699999803
2013-08-29,460517.75999998144
2013-08-30,583599.349999953
2013-08-31,670244.1099998925
2013-09-01,676715.4299998997
2013-09-02,730391.9399999126
2013-09-03,590739.1899999613
2013-09-04,513225.9699999756
2013-09-05,549260.6999999897
2013-09-06,599222.3399999542
2013-09-07,739871.5799998852
2013-09-08,805430.5399998855
2013-09-09,645858.5399999472
2013-09-10,535003.1499999851
2013-09-11,568192.3399999669
2013-09-12,570791.7299999683
2013-09-13,607679.8499999518
2013-09-14,742617.2799998986
2013-09-15,802224.3899998654
2013-09-16,563209.4399999712
2013-09-17,505412.5699999928
2013-09-18,471861.7099999869
2013-09-19,448791.249999981
2013-09-20,517863.7599999997
2013-09-21,647223.6099999011
2013-09-22,674053.2599999114
2013-09-23,495001.28999999707
2013-09-24,460407.4999999871
2013-09-25,445808.14000000415
2013-09-26,450022.35999998305
2013-09-27,505711.10999999277
2013-09-28,633388.4299999286
2013-09-29,662973.0499999234
2013-09-30,482129.77999997744
2013-10-01,527695.6199999955
2013-10-02,505663.0399999934
2013-10-03,576696.559999977
2013-10-04,559512.5899999631
2013-10-05,755899.4199998998
2013-10-06,803154.0499998884
2013-10-07,609312.8399999193
2013-10-08,564037.2899999783
2013-10-09,601758.2699999445
2013-10-10,551881.9799999761
2013-10-11,617205.1799999586
2013-10-12,748056.6999999105
2013-10-13,756675.7899998961
2013-10-14,625398.5999999482
2013-10-15,570017.7199999767
2013-10-16,525810.6499999996
2013-10-17,492846.5600000079
2013-10-18,529261.5399999961
2013-10-19,648214.9599999186
2013-10-20,690415.8899999
2013-10-21,514719.7499999796
2013-10-22,457695.6299999973
2013-10-23,455010.8499999933
2013-10-24,451419.57999999134
2013-10-25,519422.0100000015
2013-10-26,641848.989999916
2013-10-27,634744.0299999114
2013-10-28,500332.19999999134
2013-10-29,458647.8699999825
2013-10-30,489872.669999984
2013-10-31,434369.2700000059
2013-11-01,562106.0799999926
2013-11-02,687127.3799999314
2013-11-03,767331.2399999041
2013-11-04,538308.4699999848
2013-11-05,561922.2499999589
2013-11-06,555699.099999984
2013-11-07,511220.5900000027
2013-11-08,569110.7299999851
2013-11-09,727123.7199999243
2013-11-10,702584.2199998933
2013-11-11,602684.8699999601
2013-11-12,537904.4699999962
2013-11-13,476968.9099999982
2013-11-14,468679.35000000545
2013-11-15,561459.4099999818
2013-11-16,671355.3199999403
2013-11-17,670883.619999895
2013-11-18,512283.38000000175
2013-11-19,445821.24000001804
2013-11-20,432289.34000000294
2013-11-21,445316.779999991
2013-11-22,493768.0699999969
2013-11-23,596359.5599999557
2013-11-24,588463.5599999677
2013-11-25,450432.81000001595
2013-11-26,498015.7599999992
2013-11-27,570060.069999978
2013-11-28,320986.37000000523
2013-11-29,355662.66000000905
2013-11-30,443851.3099999995
2013-12-01,585939.3099999608
2013-12-02,564881.0299999852
2013-12-03,583857.3899999554
2013-12-04,488994.1199999972
2013-12-05,536898.9200000089
2013-12-06,569771.3399999966
2013-12-07,693038.9599999023
2013-12-08,678026.4399999094
2013-12-09,585255.7299999717
2013-12-10,511147.61999999714
2013-12-11,531363.0600000086
2013-12-12,539568.2000000023
2013-12-13,580081.1999999657
2013-12-14,665570.6099999577
2013-12-15,716681.8799999004
2013-12-16,544252.7599999876
2013-12-17,507716.2800000034
2013-12-18,516991.93999999797
2013-12-19,547538.8999999949
2013-12-20,509947.320000011
2013-12-21,632232.3399999514
2013-12-22,546303.5599999792
2013-12-23,570737.6999999643
2013-12-24,524378.069999994
2013-12-25,343.19999999999953
2013-12-26,474144.8499999969
2013-12-27,480887.1300000057
2013-12-28,527463.0600000032
2013-12-29,524053.81000001635
2013-12-30,496222.24999999517
2013-12-31,575103.9799999939
2014-01-01,378898.5900000007
2014-01-02,514084.26999999373
2014-01-03,627055.969999952
2014-01-04,701780.979999931
2014-01-05,761691.529999872
2014-01-06,556742.0999999677
2014-01-07,518451.6299999951
2014-01-08,554101.159999974
2014-01-09,571854.6199999675
2014-01-10,510231.7399999956
2014-01-11,750536.1199998886
2014-01-12,767542.2599998955
2014-01-13,547428.8299999696
2014-01-14,499200.8299999973
2014-01-15,522733.1400000058
2014-01-16,492772.9600000054
2014-01-17,535546.5499999895
2014-01-18,663155.9999999421
2014-01-19,636157.8599999405
2014-01-20,515677.98999999295
2014-01-21,436288.35999999614
2014-01-22,438882.7999999967
2014-01-23,408134.59999999957
2014-01-24,489730.1500000022
2014-01-25,615207.6899999353
2014-01-26,622994.4699999297
2014-01-27,475766.98
2014-01-28,380953.77000000473
2014-01-29,395441.24000000744
2014-01-30,410225.16000000463
2014-01-31,517964.18000001117
2014-02-01,691597.7399998966
2014-02-02,713388.3099999018
2014-02-03,590816.7199999526
2014-02-04,480626.09999999515
2014-02-05,514137.20000001515
2014-02-06,536819.1199999884
2014-02-07,542047.1799999728
2014-02-08,735794.369999881
2014-02-09,779530.7699998812
2014-02-10,541289.019999981
2014-02-11,547055.9099999783
2014-02-12,620245.9599999689
2014-02-13,651348.2999999429
2014-02-14,564780.2799999864
2014-02-15,693026.8099999417
2014-02-16,695933.7099999429
2014-02-17,539190.1600000004
2014-02-18,492476.42000000546
2014-02-19,477272.19000000285
2014-02-20,457050.08000000654
2014-02-21,513444.6800000051
2014-02-22,629324.8199999336
2014-02-23,700456.8299999185
2014-02-24,520001.7999999938
2014-02-25,478305.4899999984
2014-02-26,420280.6700000121
2014-02-27,463553.9100000013
2014-02-28,532969.8599999966
2014-03-01,707030.2399998859
2014-03-02,745803.7399999045
2014-03-03,601593.8799999683
2014-03-04,483999.9599999908
2014-03-05,526117.3099999981
2014-03-06,544300.4399999916
2014-03-07,558979.649999964
2014-03-08,685863.6399999374
2014-03-09,854248.0299998455
2014-03-10,641163.3999999373
2014-03-11,611087.2199999545
2014-03-12,609315.8899999761
2014-03-13,565152.8699999686
2014-03-14,615841.7699999537
2014-03-15,733222.5099998954
2014-03-16,751358.5099998601
2014-03-17,534179.8299999838
2014-03-18,493477.91999998497
2014-03-19,470494.3400000005
2014-03-20,465311.3700000052
2014-03-21,527777.6099999908
2014-03-22,633078.2799999259
2014-03-23,712810.2599999144
2014-03-24,531127.2699999856
2014-03-25,464804.6899999932
2014-03-26,438278.68000000046
2014-03-27,491614.00999999954
2014-03-28,517424.2100000025
2014-03-29,627284.6299999222
2014-03-30,673762.6399999055
2014-03-31,486335.4800000043
2014-04-01,524487.0599999952
2014-04-02,542882.3599999752
2014-04-03,570456.9999999859
2014-04-04,559278.1399999682
2014-04-05,733052.8699999097
2014-04-06,820091.4499999016
2014-04-07,616636.2799999584
2014-04-08,589185.5799999483
2014-04-09,601547.7999999616
2014-04-10,539353.4999999868
2014-04-11,628207.7099999567
2014-04-12,763671.2799998887
2014-04-13,791355.7499998721
2014-04-14,615619.6299999445
2014-04-15,637446.029999935
2014-04-16,581499.7199999633
2014-04-17,562367.0899999731
2014-04-18,642134.3599999293
2014-04-19,796137.4899998705
2014-04-20,671187.6799999059
2014-04-21,518669.1099999791
2014-04-22,502005.1099999845
2014-04-23,488439.46000000235
2014-04-24,489356.43999999337
2014-04-25,550239.9099999847
2014-04-26,681391.759999902
2014-04-27,719853.4999998832
2014-04-28,524457.529999994
2014-04-29,483745.26999997656
2014-04-30,475345.4899999836
2014-05-01,548890.3599999625
2014-05-02,643005.0499999393
2014-05-03,756238.4499998707
2014-05-04,767035.5899998684
2014-05-05,621616.459999933
2014-05-06,580031.1399999508
2014-05-07,554479.0399999551
2014-05-08,550865.1599999933
2014-05-09,626365.9299999323
2014-05-10,727249.5199998739
2014-05-11,663780.8099999193
2014-05-12,662295.2099999484
2014-05-13,587257.1799999516
2014-05-14,575747.8599999575
2014-05-15,606591.9999999295
2014-05-16,568627.2599999725
2014-05-17,654758.6099999032
2014-05-18,709770.049999886
2014-05-19,548127.3799999849
2014-05-20,490933.97000001074
2014-05-21,483303.8799999929
2014-05-22,515080.6399999968
2014-05-23,558260.9799999639
2014-05-24,618603.0899999466
2014-05-25,609559.5699999451
2014-05-26,564174.8799999714
2014-05-27,472234.33999998245
2014-05-28,453225.22999999305
2014-05-29,442737.68999999366
2014-05-30,524971.3800000042
2014-05-31,638078.2999999463
2014-06-01,721697.1999998952
2014-06-02,614148.0199999617
2014-06-03,639630.089999936
2014-06-04,545242.7899999713
2014-06-05,603488.079999949
2014-06-06,630830.8899999331
2014-06-07,738646.2199998976
2014-06-08,762229.0999998909
2014-06-09,675848.8599999296
2014-06-10,558340.1899999654
2014-06-11,596562.9999999481
2014-06-12,593088.0299999686
2014-06-13,640206.4399999406
2014-06-14,745741.1299998515
2014-06-15,720500.1599998883
2014-06-16,588753.5899999641
2014-06-17,534793.559999987
2014-06-18,514489.3799999825
2014-06-19,532129.0000000007
2014-06-20,581549.5299999806
2014-06-21,641414.2599999404
2014-06-22,663042.1699998981
2014-06-23,523971.289999994
2014-06-24,470203.220000005
2014-06-25,452530.35999998596
2014-06-26,447193.34999999346
2014-06-27,509680.24999999534
2014-06-28,592608.2599999327
2014-06-29,631018.499999909
2014-06-30,516229.43999998854
2014-07-01,575636.3699999426
2014-07-02,606474.3199999277
2014-07-03,775128.0599998496
2014-07-04,639820.989999945
2014-07-05,642854.3199999206
2014-07-06,731530.3399998738
2014-07-07,615367.9199999312
2014-07-08,620289.6699999435
2014-07-09,653886.8999999267
2014-07-10,594419.9699999562
2014-07-11,683382.8999998844
2014-07-12,778838.2899998827
2014-07-13,717970.6399998927
2014-07-14,590648.3799999658
2014-07-15,589731.0299999628
2014-07-16,528000.9100000015
2014-07-17,514151.33999998914
2014-07-18,559933.8499999869
2014-07-19,645149.59999991
2014-07-20,669435.4299998969
2014-07-21,529215.4399999962
2014-07-22,493969.47999998945
2014-07-23,480424.28999999363
2014-07-24,478365.88999999705
2014-07-25,525232.1999999828
2014-07-26,590617.4999999655
2014-07-27,654803.3999999083
2014-07-28,519612.6399999974
2014-07-29,480817.78999999946
2014-07-30,483847.95999999606
2014-07-31,490792.979999988
2014-08-01,671289.4099998985
2014-08-02,730507.3499998937
2014-08-03,748630.2699999007
2014-08-04,581684.2899999468
2014-08-05,586249.7399999404
2014-08-06,567347.9199999752
2014-08-07,550704.7299999876
2014-08-08,612429.3499999376
2014-08-09,712701.3699999014
2014-08-10,680638.1899999079
2014-08-11,592030.8799999563
2014-08-12,582062.8199999817
2014-08-13,563242.759999977
2014-08-14,559186.7899999818
2014-08-15,599725.989999953
2014-08-16,695814.049999905
2014-08-17,757017.0199998706
2014-08-18,576218.5999999736
2014-08-19,506957.3499999943
2014-08-20,508214.60999999417
2014-08-21,520482.6099999889
2014-08-22,586234.4099999514
2014-08-23,695216.4099999013
2014-08-24,764365.7799998905
2014-08-25,569435.5799999677
2014-08-26,501124.96999998955
2014-08-27,469464.69000000856
2014-08-28,486226.9299999959
2014-08-29,579701.8799999632
2014-08-30,659079.929999913
2014-08-31,617130.8899999214
2014-09-01,701031.509999896
2014-09-02,567891.2399999696
2014-09-03,617681.6999999672
2014-09-04,520423.0200000021
2014-09-05,592705.8399999816
2014-09-06,756746.7099999031
2014-09-07,779368.1199998794
2014-09-08,613450.3799999498
2014-09-09,593965.2699999583
2014-09-10,551013.8999999824
2014-09-11,602736.7999999356
2014-09-12,661672.2599999303
2014-09-13,797973.7499998721
2014-09-14,785590.9599999024
2014-09-15,646956.6899999473
2014-09-16,521524.89000000287
2014-09-17,496963.65999998373
2014-09-18,486833.66999998974
2014-09-19,565780.869999981
2014-09-20,674750.8699999093
2014-09-21,725017.1999998682
2014-09-22,532424.5299999786
2014-09-23,486597.2800000025
2014-09-24,477693.9299999983
2014-09-25,477270.9699999855
2014-09-26,542647.6999999657
2014-09-27,656881.8699999226
2014-09-28,697113.4999998973
2014-09-29,522362.35999997973
2014-09-30,480893.2599999909
2014-10-01,560804.3699999694
2014-10-02,582920.2699999611
2014-10-03,700156.1699999259
2014-10-04,782227.2399998574
2014-10-05,865272.599999879
2014-10-06,687338.9299999272
2014-10-07,594977.9899999376
2014-10-08,590565.7099999564
2014-10-09,612839.9699999439
2014-10-10,603525.4799999465
2014-10-11,774494.3499998685
2014-10-12,873196.839999882
2014-10-13,626110.5099999465
2014-10-14,603739.0199999673
2014-10-15,626193.5599999705
2014-10-16,527929.8599999959
2014-10-17,572565.6299999553
2014-10-18,727085.029999877
2014-10-19,768581.5199998498
2014-10-20,567281.0599999585
2014-10-21,498871.3699999914
2014-10-22,476187.06999999686
2014-10-23,477684.3600000093
2014-10-24,547400.6999999927
2014-10-25,680521.309999925
2014-10-26,699467.0499998889
2014-10-27,530097.7999999607
2014-10-28,473418.90999999497
2014-10-29,468294.0599999779
2014-10-30,520807.01999999303
2014-10-31,561309.0599999755
2014-11-01,716073.86999988
2014-11-02,823600.7099998642
2014-11-03,690724.0299999301
2014-11-04,551125.3599999867
2014-11-05,553346.4099999818
2014-11-06,615264.3599999502
2014-11-07,605945.0499999335
2014-11-08,767741.9999998839
2014-11-09,868117.7499998694
2014-11-10,628279.919999939
2014-11-11,600369.4199999457
2014-11-12,564167.1399999597
2014-11-13,531961.8599999783
2014-11-14,611310.6599999376
2014-11-15,780631.4299998812
2014-11-16,778401.9899998495
2014-11-17,579472.7199999471
2014-11-18,499335.8699999997
2014-11-19,486774.3699999852
2014-11-20,482275.30999998393
2014-11-21,550956.829999985
2014-11-22,692775.499999907
2014-11-23,682279.9099998724
2014-11-24,540073.1299999575
2014-11-25,551002.3499999677
2014-11-26,641075.4699999292
2014-11-27,388294.8199999886
2014-11-28,416537.85999999085
2014-11-29,544587.7799999746
2014-11-30,607870.5399999418
2014-12-01,572103.1199999513
2014-12-02,544552.1199999853
2014-12-03,570325.2899999757
2014-12-04,540885.1399999687
2014-12-05,633095.2699999398
2014-12-06,775865.5899998759
2014-12-07,787999.7599998422
2014-12-08,621106.4199999333
2014-12-09,600408.5799999419
2014-12-10,586567.6499999283
2014-12-11,499828.46999999415
2014-12-12,608470.8599999404
2014-12-13,698173.979999904
2014-12-14,775229.9699998803
2014-12-15,648674.8999999479
2014-12-16,551215.5799999823
2014-12-17,557766.2399999731
2014-12-18,614885.6899999297
2014-12-19,530381.3499999995
2014-12-20,663463.989999924
2014-12-21,672827.8299998885
2014-12-22,603179.399999936
2014-12-23,614671.4299999396
2014-12-24,574990.3199999623
2014-12-25,378.1799999999996
2014-12-26,534500.0099999821
2014-12-27,526590.2399999793
2014-12-28,532730.9799999642
2014-12-29,498414.7099999912
2014-12-30,513700.8899999934
2014-12-31,637050.6199999305
2015-01-01,445573.7399999772
2015-01-02,653731.7999999161
2015-01-03,722635.8999998964
2015-01-04,731186.7399998913
2015-01-05,659126.7399999079
2015-01-06,626952.2099999299
2015-01-07,554330.9499999845
2015-01-08,552683.6499999635
2015-01-09,638850.7299999268
2015-01-10,798172.029999869
2015-01-11,820427.1899998646
2015-01-12,646918.4799999406
2015-01-13,539465.5499999797
2015-01-14,556957.5899999811
2015-01-15,597772.3899999405
2015-01-16,595009.1499999559
2015-01-17,755141.299999874
2015-01-18,696061.1499998842
2015-01-19,586434.7099999514
2015-01-20,488140.3299999642
2015-01-21,473591.46999999933
2015-01-22,436157.0499999779
2015-01-23,532810.0599999933
2015-01-24,676168.0499999012
2015-01-25,703727.3299998668
2015-01-26,514528.40999997815
2015-01-27,462900.9799999907
2015-01-28,461880.6699999821
2015-01-29,450181.32999998674
2015-01-30,571566.5199999567
2015-01-31,795506.8699998669
2015-02-01,704417.1899998613
2015-02-02,604703.6199999427
2015-02-03,641417.6199999272
2015-02-04,563040.1499999565
2015-02-05,584842.2299999464
2015-02-06,610852.8599999346
2015-02-07,829618.8399998355
2015-02-08,873891.7299998419
2015-02-09,708503.7599998697
2015-02-10,615675.389999943
2015-02-11,630025.4399999331
2015-02-12,699784.9399999237
2015-02-13,643872.3399999262
2015-02-14,715808.2699999065
2015-02-15,773849.3499998747
2015-02-16,638571.8199999146
2015-02-17,522538.41999999166
2015-02-18,473637.68999998184
2015-02-19,483774.69999999384
2015-02-20,542473.0899999534
2015-02-21,664926.549999898
2015-02-22,697286.959999868
2015-02-23,515597.9199999989
2015-02-24,485400.7600000022
2015-02-25,458022.61999999353
2015-02-26,457924.8399999949
2015-02-27,502585.08999999403
2015-02-28,673696.209999906
2015-03-01,761365.7799998459
2015-03-02,620641.7999999416
2015-03-03,602863.6099999556
2015-03-04,545680.7899999694
2015-03-05,574557.8699999574
2015-03-06,631097.199999933
2015-03-07,752216.7199998924
2015-03-08,814680.3399998643
2015-03-09,653466.7299999308
2015-03-10,573948.7899999657
2015-03-11,576442.2399999796
2015-03-12,598616.5099999516
2015-03-13,610885.4399999446
2015-03-14,719845.5899999014
2015-03-15,840005.3799998332
2015-03-16,611912.1699999352
2015-03-17,553768.0099999657
2015-03-18,499412.65999998373
2015-03-19,489061.76999998227
2015-03-20,535286.9999999766
2015-03-21,665198.4699999115
2015-03-22,713419.6299998566
2015-03-23,544692.9099999666
2015-03-24,432217.62999999116
2015-03-25,522512.339999978
2015-03-26,480045.6899999935
2015-03-27,516202.39999999036
2015-03-28,650866.9699999068
2015-03-29,691244.6399998551
2015-03-30,520284.0799999901
2015-03-31,495486.5099999869
2015-04-01,564164.3799999544
2015-04-02,559241.5599999601
2015-04-03,737661.459999872
2015-04-04,800767.3299998343
2015-04-05,731071.2599998649
2015-04-06,640260.3199999135
2015-04-07,585149.4099999465
2015-04-08,600820.2199999342
2015-04-09,607913.749999948
2015-04-10,604895.7699999324
2015-04-11,750103.1899998699
2015-04-12,833180.5599998423
2015-04-13,610794.559999929
2015-04-14,578072.1499999749
2015-04-15,605787.4399999528
2015-04-16,549630.899999983
2015-04-17,560291.5799999636
2015-04-18,685551.9399998887
2015-04-19,745560.4199998508
2015-04-20,554204.9399999616
2015-04-21,508078.60999999184
2015-04-22,503443.3999999752
2015-04-23,501510.0199999844
2015-04-24,567095.9699999725
2015-04-25,711736.7899998733
2015-04-26,724987.5399998476
2015-04-27,577824.4099999485
2015-04-28,499198.6499999818
2015-04-29,464491.97999999544
2015-04-30,505675.5499999869
2015-05-01,653361.5599998885
2015-05-02,785487.8499998528
2015-05-03,852035.2999997799
2015-05-04,643781.8299999067
2015-05-05,624141.7099999209
2015-05-06,609847.469999935
2015-05-07,581096.1399999443
2015-05-08,624185.0099999204
2015-05-09,803662.9799998414
2015-05-10,658237.2799998858
2015-05-11,655347.4099999127
2015-05-12,624559.4399999413
2015-05-13,577926.2999999352
2015-05-14,566129.3299999741
2015-05-15,638237.7699999227
2015-05-16,715217.0999998696
2015-05-17,738648.8599998303
2015-05-18,578964.0199999268
2015-05-19,519973.539999987
2015-05-20,511771.2099999762
2015-05-21,507915.4999999821
2015-05-22,598368.9099999359
2015-05-23,629374.9199999078
2015-05-24,610122.2999999095
2015-05-25,642962.2999999078
2015-05-26,510258.9099999741
2015-05-27,495092.2399999751
2015-05-28,477690.9699999849
2015-05-29,499243.97999997606
2015-05-30,636612.5399998899
2015-05-31,685804.6399998665
2015-06-01,611689.5699999115
2015-06-02,598094.6699999302
2015-06-03,628238.1199999196
2015-06-04,570710.899999946
2015-06-05,660415.4699998813
2015-06-06,788271.1999998523
2015-06-07,821508.3999998182
2015-06-08,683008.2799998824
2015-06-09,658384.1899999107
2015-06-10,591984.4399999073
2015-06-11,615025.5099999364
2015-06-12,676605.6899999169
2015-06-13,724304.679999847
2015-06-14,802515.7299998226
2015-06-15,866773.1099998169
2015-06-16,533939.0299999733
2015-06-17,500772.29999997467
2015-06-18,552627.6299999473
2015-06-19,590545.6699999294
2015-06-20,683635.7199998635
2015-06-21,652876.5199998706
2015-06-22,546589.8999999532
2015-06-23,513705.4399999651
2015-06-24,493288.6599999669
2015-06-25,506692.1099999569
2015-06-26,567103.369999928
2015-06-27,642059.6399998822
2015-06-28,669341.1099998805
2015-06-29,525849.3399999673
2015-06-30,494789.5099999709
2015-07-01,575787.6899999097
2015-07-02,665859.319999875
2015-07-03,861151.3399998241
2015-07-04,615917.5299999149
2015-07-05,715822.8099998528
2015-07-06,698439.8699998703
2015-07-07,633992.079999911
2015-07-08,618906.8799999165
2015-07-09,670057.7599998964
2015-07-10,680846.859999879
2015-07-11,802540.6899998318
2015-07-12,850104.0999998449
2015-07-13,675340.4299998857
2015-07-14,634304.7099999135
2015-07-15,653257.6599998886
2015-07-16,623599.7299998981
2015-07-17,665722.6399999353
2015-07-18,721068.3299998312
2015-07-19,763201.7699998425
2015-07-20,608511.2499999232
2015-07-21,550185.5399999566
2015-07-22,529287.2999999714
2015-07-23,539857.6699999596
2015-07-24,596464.3299999362
2015-07-25,665419.0399998667
2015-07-26,696639.5899998345
2015-07-27,563721.9099999467
2015-07-28,512762.429999988
2015-07-29,501477.36999997107
2015-07-30,514445.5699999844
2015-07-31,617725.9199999137
2015-08-01,746819.0299998412
2015-08-02,821865.859999815
2015-08-03,740148.4299998505
2015-08-04,608277.1099999243
2015-08-05,657166.5899999281
2015-08-06,658104.5499999119
2015-08-07,676726.159999865
2015-08-08,786153.7999998619
2015-08-09,878372.3099998108
2015-08-10,647816.719999907
2015-08-11,619411.6399999299
2015-08-12,632192.3699999317
2015-08-13,595108.5399999592
2015-08-14,654679.8499999209
2015-08-15,785131.09999985
2015-08-16,827959.6599998215
2015-08-17,646939.3599998961
2015-08-18,571665.669999931
2015-08-19,539365.9499999735
2015-08-20,511404.56999998534
2015-08-21,574776.4699999647
2015-08-22,676747.0099998575
2015-08-23,756530.9199998174
2015-08-24,570720.7799999324
2015-08-25,498439.36999998736
2015-08-26,496956.0599999748
2015-08-27,503812.39999999234
2015-08-28,561634.2999999588
2015-08-29,688519.0099998511
2015-08-30,766093.5099998512
2015-08-31,570873.4099999543
2015-09-01,591295.2699999597
2015-09-02,591805.889999948
2015-09-03,640210.2899999078
2015-09-04,624799.3199999095
2015-09-05,768481.349999825
2015-09-06,746083.1599998366
2015-09-07,764869.399999823
2015-09-08,619979.9599999266
2015-09-09,645884.0199999036
2015-09-10,602668.9199999156
2015-09-11,663408.4999999151
2015-09-12,826430.4899998055
2015-09-13,872003.4999998001
2015-09-14,658686.9599999157
2015-09-15,643836.6099999076
2015-09-16,561078.3899999623
2015-09-17,563854.2799999483
2015-09-18,620151.2999999138
2015-09-19,782424.2899998049
2015-09-20,839724.5599997987
2015-09-21,620472.219999909
2015-09-22,559368.6999999624
2015-09-23,560267.9799999589
2015-09-24,554219.8299999762
2015-09-25,620519.689999916
2015-09-26,766154.7199998242
2015-09-27,806869.4799998007
2015-09-28,573137.4799999461
2015-09-29,503528.0699999866
2015-09-30,506461.8299999713
2015-10-01,605295.4599999116
2015-10-02,733275.1799998357
2015-10-03,922237.8099997751
2015-10-04,920108.5699997689
2015-10-05,788028.6399998287
2015-10-06,719505.189999883
2015-10-07,633241.6999999015
2015-10-08,671629.0899999078
2015-10-09,754581.7599998601
2015-10-10,823007.6699997957
2015-10-11,896578.6599998081
2015-10-12,793228.6199998461
2015-10-13,643789.7099999067
2015-10-14,615200.5899999498
2015-10-15,671287.849999933
2015-10-16,660655.6999999193
2015-10-17,795401.9199998144
2015-10-18,859642.4099998081
2015-10-19,641510.5699998825
2015-10-20,567079.439999952
2015-10-21,557965.2699999643
2015-10-22,553400.049999967
2015-10-23,636528.529999936
2015-10-24,752022.3199998277
2015-10-25,788718.5699998194
2015-10-26,598896.4399999237
2015-10-27,548108.869999978
2015-10-28,522580.0299999877
2015-10-29,563063.2299999582
2015-10-30,651445.4399998911
2015-10-31,704886.9099998486
2015-11-01,791695.479999792
2015-11-02,648996.3299999237
2015-11-03,663153.4599998909
2015-11-04,556074.529999956
2015-11-05,598153.1499999362
2015-11-06,686595.5199999013
2015-11-07,821252.8399997865
2015-11-08,864880.0799998054
2015-11-09,703754.2799998946
2015-11-10,593281.5499999134
2015-11-11,593181.9899999577
2015-11-12,608729.8899999312
2015-11-13,630588.6399999178
2015-11-14,811173.6199998104
2015-11-15,907393.5999998184
2015-11-16,643870.2499999024
2015-11-17,515777.6699999774
2015-11-18,556315.1599999735
2015-11-19,553043.4899999612
2015-11-20,660545.1899999244
2015-11-21,721901.8199998402
2015-11-22,761551.8399998081
2015-11-23,603603.7599999085
2015-11-24,593913.3899999342
2015-11-25,708231.6199998505
2015-11-26,423464.51999998686
2015-11-27,418682.62999999133
2015-11-28,543986.3799999637
2015-11-29,633498.6099999001
2015-11-30,537834.55999998
2015-12-01,571971.3299999428
2015-12-02,582295.1199999643
2015-12-03,657270.3799999101
2015-12-04,635500.9799998947
2015-12-05,805690.6899997984
2015-12-06,883411.2499998012
2015-12-07,663746.8099998757
2015-12-08,609253.9699999247
2015-12-09,623140.3499999213
2015-12-10,565959.119999954
2015-12-11,640378.1799999167
2015-12-12,814880.7199998247
2015-12-13,823173.549999846
2015-12-14,712510.7699999051
2015-12-15,683388.7499999049
2015-12-16,629223.2499999165
2015-12-17,652259.4599998973
2015-12-18,611005.5499999169
2015-12-19,725468.9899998285
2015-12-20,744449.8199998395
2015-12-21,624765.2099999015
2015-12-22,637028.5999998811
2015-12-23,669848.7399998911
2015-12-24,666814.3299998934
2015-12-25,289.67999999999967
2015-12-26,601757.0199999219
2015-12-27,590902.3799999239
2015-12-28,508384.6899999637
2015-12-29,530653.3299999727
2015-12-30,587126.0999999247
2015-12-31,788113.1899998473
2016-01-01,558827.2699999606
2016-01-02,739729.7399998475
2016-01-03,812711.3099998261
2016-01-04,662120.3199998938
2016-01-05,672344.2499999198
2016-01-06,629022.5699999298
2016-01-07,657196.3899999007
2016-01-08,709815.5199998915
2016-01-09,946503.3199997651
2016-01-10,876925.8399997698
2016-01-11,735241.3799998771
2016-01-12,682135.6799999131
2016-01-13,606916.3899999304
2016-01-14,667048.7199999344
2016-01-15,777549.9799998709
2016-01-16,902367.2799997856
2016-01-17,813026.9199998088
2016-01-18,692393.5199998594
2016-01-19,582562.3699999405
2016-01-20,579242.2399999335
2016-01-21,545946.869999959
2016-01-22,630037.5899999227
2016-01-23,820251.2499997823
2016-01-24,836447.9799998068
2016-01-25,604157.7899999103
2016-01-26,532684.0299999684
2016-01-27,536885.1299999461
2016-01-28,569446.7199999396
2016-01-29,634527.2799999055
2016-01-30,808428.6199997937
2016-01-31,875794.0399997669
2016-02-01,722721.8499998428
2016-02-02,643530.7999999009
2016-02-03,718983.6199998913
2016-02-04,618428.2399999002
2016-02-05,722433.6599998769
2016-02-06,1012213.4299997354
2016-02-07,894587.6999997734
2016-02-08,691460.9599999088
2016-02-09,728527.3299998823
2016-02-10,701215.6299998586
2016-02-11,822903.1799998496
2016-02-12,808066.3799998262
2016-02-13,932390.029999762
2016-02-14,882637.4599998185
2016-02-15,846925.5799998048
2016-02-16,677385.4799998899
2016-02-17,634750.4399999373
2016-02-18,627398.8299999121
2016-02-19,684971.1599998788
2016-02-20,845835.389999774
2016-02-21,910828.0699997501
2016-02-22,648364.7599998888
2016-02-23,589170.9299999564
2016-02-24,587616.5499999458
2016-02-25,587558.43999996
2016-02-26,619175.2599999133
2016-02-27,783320.8399998097
2016-02-28,855690.0099997484
2016-02-29,635971.5999998845
2016-03-01,618449.2199999288
2016-03-02,667980.0599998964
2016-03-03,724747.1999999024
2016-03-04,674227.8699998842
2016-03-05,923075.2999998004
2016-03-06,1020697.7499997485
2016-03-07,747503.9699997982
2016-03-08,701329.2199998765
2016-03-09,689326.5299998655
2016-03-10,686381.0999998627
2016-03-11,740612.7199998663
2016-03-12,904417.0399997891
2016-03-13,928081.2999997578
2016-03-14,779172.0199998395
2016-03-15,750891.4999998718
2016-03-16,662216.8199998968
2016-03-17,622593.7799999062
2016-03-18,700749.9199998735
2016-03-19,784242.8599997985
2016-03-20,841155.7399997949
2016-03-21,665343.7899998704
2016-03-22,632470.0799999048
2016-03-23,617734.5099999054
2016-03-24,601911.1299999075
2016-03-25,790604.4699998297
2016-03-26,936732.1999997789
2016-03-27,831152.7799997922
2016-03-28,625167.3999998821
2016-03-29,576466.5299999147
2016-03-30,553513.2699999446
2016-03-31,578192.9099998983
2016-04-01,760621.4099998389
2016-04-02,912565.7899997592
2016-04-03,1019876.5399997636
2016-04-04,734465.7199998327
2016-04-05,743826.8999998362
2016-04-06,742676.579999866
2016-04-07,688336.2099998742
2016-04-08,790254.53999981
2016-04-09,1032224.8099997608
2016-04-10,1003482.1299997402
2016-04-11,800213.3399998092
2016-04-12,751592.289999874
2016-04-13,658452.1099998888
2016-04-14,700068.709999891
2016-04-15,772668.8599998222
2016-04-16,846566.1899997897
2016-04-17,931676.4299997726
2016-04-18,707634.3399998136
2016-04-19,673939.469999883
2016-04-20,642077.1699998924
2016-04-21,629056.1399998857
2016-04-22,710446.9099998507
2016-04-23,837780.5499997828
2016-04-24,882321.1299997503
2016-04-25,692222.7699998443
2016-04-26,629879.849999884
2016-04-27,606175.2299999156
2016-04-28,609473.8699999154
2016-04-29,731358.8399998327
2016-04-30,851908.1199998163
2016-05-01,947961.1999997512
2016-05-02,790657.9499997741
2016-05-03,801364.039999825
2016-05-04,723313.2599998441
2016-05-05,766740.9099998666
2016-05-06,822478.5699998087
2016-05-07,983202.0499997615
2016-05-08,866437.0599998052
2016-05-09,900638.0299997968
2016-05-10,753415.1599998408
2016-05-11,804704.6499998621
2016-05-12,770187.8899998828
2016-05-13,797434.7199998281
2016-05-14,976319.0199997597
2016-05-15,1125547.129999662
2016-05-16,790641.8199998003
2016-05-17,698862.9899998624
2016-05-18,663407.919999878
2016-05-19,666856.8199998791
2016-05-20,733129.1799998439
2016-05-21,885137.6899997721
2016-05-22,958174.6299997481
