date,retail_and_recreation,grocery_and_pharmacy,parks,transit_stations,workplaces,residential,Covid cases,abs retail_and_recreation,abs grocery_and_pharmacy,abs parks,abs transit_stations,abs workplaces,abs residential,norm retail_and_recreation,norm grocery_and_pharmacy,norm parks,norm transit_stations,norm workplaces,norm residential,norm Covid cases
02/01/2021,-43,-15,-13,-53,-32,19,1195,43,15,13,53,32,19,-0.544303797,-0.272727273,-0.317073171,-0.630952381,-0.421052632,0.487179487,0.053262614
03/01/2021,-46,-21,-16,-47,-10,16,1110,46,21,16,47,10,16,-0.582278481,-0.381818182,-0.390243902,-0.55952381,-0.131578947,0.41025641,0.04947406
04/01/2021,-33,-3,-9,-46,-29,20,1919,33,3,9,46,29,20,-0.417721519,-0.054545455,-0.219512195,-0.547619048,-0.381578947,0.512820513,0.08553218
05/01/2021,-34,-4,-10,-45,-32,20,2222,34,4,10,45,32,20,-0.430379747,-0.072727273,-0.243902439,-0.535714286,-0.421052632,0.512820513,0.099037262
06/01/2021,-35,-4,-11,-47,-31,21,2423,35,4,11,47,31,21,-0.443037975,-0.072727273,-0.268292683,-0.55952381,-0.407894737,0.538461538,0.107996078
07/01/2021,-36,-6,-14,-48,-32,21,2357,36,6,14,48,32,21,-0.455696203,-0.109090909,-0.341463415,-0.571428571,-0.421052632,0.538461538,0.105054377
08/01/2021,-36,-5,-21,-49,-28,22,1987,36,5,21,49,28,22,-0.455696203,-0.090909091,-0.512195122,-0.583333333,-0.368421053,0.564102564,0.088563024
09/01/2021,-34,-4,-22,-44,-12,16,3701,34,4,22,44,12,16,-0.430379747,-0.072727273,-0.536585366,-0.523809524,-0.157894737,0.41025641,0.164958103
10/01/2021,-36,-6,-18,-44,-4,14,3871,36,6,18,44,4,14,-0.455696203,-0.109090909,-0.43902439,-0.523809524,-0.052631579,0.358974359,0.172535211
11/01/2021,-34,-6,-18,-46,-29,20,2979,34,6,18,46,29,20,-0.430379747,-0.109090909,-0.43902439,-0.547619048,-0.381578947,0.512820513,0.132777679
12/01/2021,-35,-9,-22,-46,-33,20,3410,35,9,22,46,33,20,-0.443037975,-0.163636364,-0.536585366,-0.547619048,-0.434210526,0.512820513,0.151987877
13/01/2021,-38,-11,-22,-49,-33,19,1290,38,11,22,49,33,19,-0.481012658,-0.2,-0.536585366,-0.583333333,-0.434210526,0.487179487,0.05749688
14/01/2021,-39,-14,-26,-51,-36,18,1232,39,14,26,51,36,18,-0.493670886,-0.254545455,-0.634146341,-0.607142857,-0.473684211,0.461538462,0.054911749
15/01/2021,-40,-13,-31,-53,-35,18,1437,40,13,31,53,35,18,-0.506329114,-0.236363636,-0.756097561,-0.630952381,-0.460526316,0.461538462,0.06404885
16/01/2021,-38,-12,-31,-50,-23,13,870,38,12,31,50,23,13,-0.481012658,-0.218181818,-0.756097561,-0.595238095,-0.302631579,0.333333333,0.038776966
17/01/2021,-41,-14,-24,-49,-16,11,684,41,14,24,49,16,11,-0.518987342,-0.254545455,-0.585365854,-0.583333333,-0.210526316,0.282051282,0.030486718
18/01/2021,-39,-16,-28,-51,-37,18,1748,39,16,28,51,37,18,-0.493670886,-0.290909091,-0.682926829,-0.607142857,-0.486842105,0.461538462,0.077910501
19/01/2021,-40,-17,-29,-51,-39,19,1383,40,17,29,51,39,19,-0.506329114,-0.309090909,-0.707317073,-0.607142857,-0.513157895,0.487179487,0.061642004
20/01/2021,-43,-20,-30,-53,-38,19,1205,43,20,30,53,38,19,-0.544303797,-0.363636364,-0.731707317,-0.630952381,-0.5,0.487179487,0.053708326
21/01/2021,-41,-17,-30,-53,-38,19,1250,41,17,30,53,38,19,-0.518987342,-0.309090909,-0.731707317,-0.630952381,-0.5,0.487179487,0.055714031
22/01/2021,-42,-16,-31,-53,-35,20,1164,42,16,31,53,35,20,-0.53164557,-0.290909091,-0.756097561,-0.630952381,-0.460526316,0.512820513,0.051880906
23/01/2021,-39,-13,-29,-50,-21,14,803,39,13,29,50,21,14,-0.493670886,-0.236363636,-0.707317073,-0.595238095,-0.276315789,0.358974359,0.035790694
24/01/2021,-41,-15,-20,-49,-13,12,708,41,15,20,49,13,12,-0.518987342,-0.272727273,-0.487804878,-0.583333333,-0.171052632,0.307692308,0.031556427
25/01/2021,-37,-12,-21,-49,-34,18,1617,37,12,21,49,34,18,-0.46835443,-0.218181818,-0.512195122,-0.583333333,-0.447368421,0.461538462,0.072071671
26/01/2021,-39,-14,-24,-49,-37,19,1480,39,14,24,49,37,19,-0.493670886,-0.254545455,-0.585365854,-0.583333333,-0.486842105,0.487179487,0.065965413
27/01/2021,-40,-16,-26,-51,-36,19,1343,40,16,26,51,36,19,-0.506329114,-0.290909091,-0.634146341,-0.607142857,-0.473684211,0.487179487,0.059859155
28/01/2021,-39,-13,-26,-50,-36,19,1278,39,13,26,50,36,19,-0.493670886,-0.236363636,-0.634146341,-0.595238095,-0.473684211,0.487179487,0.056962025
29/01/2021,-36,-7,-28,-50,-32,19,1258,36,7,28,50,32,19,-0.455696203,-0.127272727,-0.682926829,-0.595238095,-0.421052632,0.487179487,0.056070601
30/01/2021,-33,-1,-24,-46,-18,13,768,33,1,24,46,18,13,-0.417721519,-0.018181818,-0.585365854,-0.547619048,-0.236842105,0.333333333,0.034230701
31/01/2021,-35,-1,-17,-44,-9,10,659,35,1,17,44,9,10,-0.443037975,-0.018181818,-0.414634146,-0.523809524,-0.118421053,0.256410256,0.029372437
01/02/2021,-34,-2,-22,-47,-32,17,1419,34,2,22,47,32,17,-0.430379747,-0.036363636,-0.536585366,-0.55952381,-0.421052632,0.435897436,0.063246568
02/02/2021,-35,-5,-24,-47,-36,18,1353,35,5,24,47,36,18,-0.443037975,-0.090909091,-0.585365854,-0.55952381,-0.473684211,0.461538462,0.060304867
03/02/2021,-38,-10,-24,-51,-35,18,1490,38,10,24,51,35,18,-0.481012658,-0.181818182,-0.585365854,-0.607142857,-0.460526316,0.461538462,0.066411125
04/02/2021,-39,-12,-24,-52,-36,19,1488,39,12,24,52,36,19,-0.493670886,-0.218181818,-0.585365854,-0.619047619,-0.473684211,0.487179487,0.066321983
05/02/2021,-39,-11,-27,-53,-33,20,1674,39,11,27,53,33,20,-0.493670886,-0.2,-0.658536585,-0.630952381,-0.434210526,0.512820513,0.07461223
06/02/2021,-37,-9,-24,-49,-19,14,1758,37,9,24,49,19,14,-0.46835443,-0.163636364,-0.585365854,-0.583333333,-0.25,0.358974359,0.078356213
07/02/2021,-40,-13,-18,-50,-12,12,1836,40,13,18,50,12,12,-0.506329114,-0.236363636,-0.43902439,-0.595238095,-0.157894737,0.307692308,0.081832769
08/02/2021,-37,-12,-25,-51,-34,18,2780,37,12,25,51,34,18,-0.46835443,-0.218181818,-0.609756098,-0.607142857,-0.447368421,0.461538462,0.123908005
09/02/2021,-39,-13,-26,-49,-37,19,3674,39,13,26,49,37,19,-0.493670886,-0.236363636,-0.634146341,-0.583333333,-0.486842105,0.487179487,0.16375468
10/02/2021,-37,-9,-24,-50,-35,19,3099,37,9,24,50,35,19,-0.46835443,-0.163636364,-0.585365854,-0.595238095,-0.460526316,0.487179487,0.138126226
11/02/2021,-33,-5,-20,-46,-35,17,3397,33,5,20,46,35,17,-0.417721519,-0.090909091,-0.487804878,-0.547619048,-0.460526316,0.435897436,0.151408451
12/02/2021,-38,-9,-22,-57,-52,23,2655,38,9,22,57,52,23,-0.481012658,-0.163636364,-0.536585366,-0.678571429,-0.684210526,0.58974359,0.118336602
13/02/2021,-36,-8,-25,-50,-21,14,781,36,8,25,50,21,14,-0.455696203,-0.145454545,-0.609756098,-0.595238095,-0.276315789,0.358974359,0.034810127
14/02/2021,-24,4,-4,-40,-7,9,752,24,4,4,40,7,9,-0.303797468,0.072727273,-0.097560976,-0.476190476,-0.092105263,0.230769231,0.033517561
15/02/2021,-32,-4,-22,-47,-31,17,1505,32,4,22,47,31,17,-0.405063291,-0.072727273,-0.536585366,-0.55952381,-0.407894737,0.435897436,0.067079693
16/02/2021,-33,-4,-24,-47,-35,18,1294,33,4,24,47,35,18,-0.417721519,-0.072727273,-0.585365854,-0.55952381,-0.460526316,0.461538462,0.057675165
17/02/2021,-35,-6,-24,-49,-33,19,1401,35,6,24,49,33,19,-0.443037975,-0.109090909,-0.585365854,-0.583333333,-0.434210526,0.487179487,0.062444286
18/02/2021,-35,-6,-24,-49,-33,19,1313,35,6,24,49,33,19,-0.443037975,-0.109090909,-0.585365854,-0.583333333,-0.434210526,0.487179487,0.058522018
19/02/2021,-37,-6,-29,-51,-30,20,1588,37,6,29,51,30,20,-0.46835443,-0.109090909,-0.707317073,-0.607142857,-0.394736842,0.512820513,0.070779105
20/02/2021,-34,-3,-24,-47,-16,14,963,34,3,24,47,16,14,-0.430379747,-0.054545455,-0.585365854,-0.55952381,-0.210526316,0.358974359,0.042922089
21/02/2021,-39,-8,-22,-48,-10,13,876,39,8,22,48,10,13,-0.493670886,-0.145454545,-0.536585366,-0.571428571,-0.131578947,0.333333333,0.039044393
22/02/2021,-37,-10,-27,-49,-31,18,2017,37,10,27,49,31,18,-0.46835443,-0.181818182,-0.658536585,-0.583333333,-0.407894737,0.461538462,0.08990016
23/02/2021,-35,-7,-25,-47,-33,19,1899,35,7,25,47,33,19,-0.443037975,-0.127272727,-0.609756098,-0.55952381,-0.434210526,0.487179487,0.084640756
24/02/2021,-33,-4,-21,-46,-32,18,1575,33,4,21,46,32,18,-0.417721519,-0.072727273,-0.512195122,-0.547619048,-0.421052632,0.461538462,0.070199679
25/02/2021,-33,-3,-15,-53,-52,22,1383,33,3,15,53,52,22,-0.417721519,-0.054545455,-0.365853659,-0.630952381,-0.684210526,0.564102564,0.061642004
26/02/2021,-34,-2,-24,-48,-30,19,1784,34,2,24,48,30,19,-0.430379747,-0.036363636,-0.585365854,-0.571428571,-0.394736842,0.487179487,0.079515065
27/02/2021,-30,2,-18,-44,-15,13,1032,30,2,18,44,15,13,-0.379746835,0.036363636,-0.43902439,-0.523809524,-0.197368421,0.333333333,0.045997504
28/02/2021,-32,1,-10,-42,-6,10,1101,32,1,10,42,6,10,-0.405063291,0.018181818,-0.243902439,-0.5,-0.078947368,0.256410256,0.049072919
01/03/2021,-30,1,-18,-45,-30,17,2590,30,1,18,45,30,17,-0.379746835,0.018181818,-0.43902439,-0.535714286,-0.394736842,0.435897436,0.115439472
02/03/2021,-31,0,-21,-44,-33,18,2122,31,0,21,44,33,18,-0.392405063,0,-0.512195122,-0.523809524,-0.434210526,0.461538462,0.094580139
03/03/2021,-33,-1,-20,-47,-32,18,2341,33,1,20,47,32,18,-0.417721519,-0.018181818,-0.487804878,-0.55952381,-0.421052632,0.461538462,0.104341237
04/03/2021,-32,-1,-20,-46,-32,19,2821,32,1,20,46,32,19,-0.405063291,-0.018181818,-0.487804878,-0.547619048,-0.421052632,0.487179487,0.125735425
05/03/2021,-33,-2,-23,-47,-29,19,4056,33,2,23,47,29,19,-0.417721519,-0.036363636,-0.56097561,-0.55952381,-0.381578947,0.487179487,0.180780888
06/03/2021,-31,1,-16,-43,-14,13,2908,31,1,16,43,14,13,-0.392405063,0.018181818,-0.390243902,-0.511904762,-0.184210526,0.333333333,0.129613122
07/03/2021,-33,-1,-7,-42,-7,11,2140,33,1,7,42,7,11,-0.417721519,-0.018181818,-0.170731707,-0.5,-0.092105263,0.282051282,0.095382421
08/03/2021,-32,-2,-17,-45,-29,18,4549,32,2,17,45,29,18,-0.405063291,-0.036363636,-0.414634146,-0.535714286,-0.381578947,0.461538462,0.202754502
09/03/2021,-34,-4,-20,-46,-33,19,5897,34,4,20,46,33,19,-0.430379747,-0.072727273,-0.487804878,-0.547619048,-0.434210526,0.487179487,0.262836513
10/03/2021,-33,-2,-21,-47,-32,19,4532,33,2,21,47,32,19,-0.417721519,-0.036363636,-0.512195122,-0.55952381,-0.421052632,0.487179487,0.201996791
11/03/2021,-35,-4,-24,-48,-33,20,5810,35,4,24,48,33,20,-0.443037975,-0.072727273,-0.585365854,-0.571428571,-0.434210526,0.512820513,0.258958816
12/03/2021,-36,-5,-27,-49,-30,20,6000,36,5,27,49,30,20,-0.455696203,-0.090909091,-0.658536585,-0.583333333,-0.394736842,0.512820513,0.267427349
13/03/2021,-33,0,-21,-44,-15,14,3304,33,0,21,44,15,14,-0.417721519,0,-0.512195122,-0.523809524,-0.197368421,0.358974359,0.147263327
14/03/2021,-35,0,-10,-44,-7,12,2399,35,0,10,44,7,12,-0.443037975,0,-0.243902439,-0.523809524,-0.092105263,0.307692308,0.106926368
15/03/2021,-31,1,-17,-45,-29,18,5892,31,1,17,45,29,18,-0.392405063,0.018181818,-0.414634146,-0.535714286,-0.381578947,0.461538462,0.262613657
16/03/2021,-32,1,-20,-45,-33,19,5412,32,1,20,45,33,19,-0.405063291,0.018181818,-0.487804878,-0.535714286,-0.434210526,0.487179487,0.241219469
17/03/2021,-35,-1,-20,-47,-32,20,6035,35,1,20,47,32,20,-0.443037975,-0.018181818,-0.487804878,-0.55952381,-0.421052632,0.512820513,0.268987342
18/03/2021,-35,-2,-20,-48,-33,20,5908,35,2,20,48,33,20,-0.443037975,-0.036363636,-0.487804878,-0.571428571,-0.434210526,0.512820513,0.263326796
19/03/2021,-36,-2,-25,-50,-30,21,6295,36,2,25,50,30,21,-0.455696203,-0.036363636,-0.609756098,-0.595238095,-0.394736842,0.538461538,0.28057586
20/03/2021,-34,0,-19,-46,-15,15,4577,34,0,19,46,15,15,-0.430379747,0,-0.463414634,-0.547619048,-0.197368421,0.384615385,0.204002496
21/03/2021,-39,-3,-15,-46,-8,13,3129,39,3,15,46,8,13,-0.493670886,-0.054545455,-0.365853659,-0.547619048,-0.105263158,0.333333333,0.139463362
22/03/2021,-37,-3,-21,-49,-32,21,7918,37,3,21,49,32,21,-0.46835443,-0.054545455,-0.512195122,-0.583333333,-0.421052632,0.538461538,0.352914958
23/03/2021,-39,-5,-25,-51,-35,22,7259,39,5,25,51,35,22,-0.493670886,-0.090909091,-0.609756098,-0.607142857,-0.460526316,0.564102564,0.323542521
24/03/2021,-41,-7,-26,-53,-35,22,7289,41,7,26,53,35,22,-0.518987342,-0.127272727,-0.634146341,-0.630952381,-0.460526316,0.564102564,0.324879658
25/03/2021,-40,-5,-24,-52,-35,22,7492,40,5,24,52,35,22,-0.506329114,-0.090909091,-0.585365854,-0.619047619,-0.460526316,0.564102564,0.333927616
26/03/2021,-41,-6,-28,-55,-33,23,8706,41,6,28,55,33,23,-0.518987342,-0.109090909,-0.682926829,-0.654761905,-0.434210526,0.58974359,0.388037083
27/03/2021,-39,-1,-26,-51,-17,17,5855,39,1,26,51,17,17,-0.493670886,-0.018181818,-0.634146341,-0.607142857,-0.223684211,0.435897436,0.260964521
28/03/2021,-44,-3,-21,-51,-9,16,4109,44,3,21,51,9,16,-0.556962025,-0.054545455,-0.512195122,-0.607142857,-0.118421053,0.41025641,0.183143163
29/03/2021,-49,-17,-26,-61,-41,25,9199,49,17,26,61,41,25,-0.620253165,-0.309090909,-0.634146341,-0.726190476,-0.539473684,0.641025641,0.410010697
30/03/2021,-48,-13,-28,-61,-44,26,9096,48,13,28,61,44,26,-0.607594937,-0.236363636,-0.682926829,-0.726190476,-0.578947368,0.666666667,0.405419861
31/03/2021,-44,-2,-25,-59,-46,25,8957,44,2,25,59,46,25,-0.556962025,-0.036363636,-0.609756098,-0.702380952,-0.605263158,0.641025641,0.399224461
01/04/2021,-62,-21,-27,-72,-69,31,5865,62,21,27,72,69,31,-0.784810127,-0.381818182,-0.658536585,-0.857142857,-0.907894737,0.794871795,0.261410234
02/04/2021,-79,-54,-41,-84,-76,39,4065,79,54,41,84,76,39,-1,-0.981818182,-1,-1,-1,1,0.181182029
03/04/2021,-58,-21,-32,-69,-44,25,5498,58,21,32,69,44,25,-0.734177215,-0.381818182,-0.780487805,-0.821428571,-0.578947368,0.641025641,0.245052594
04/04/2021,-56,-20,-25,-62,-22,18,4442,56,20,25,62,22,18,-0.708860759,-0.363636364,-0.609756098,-0.738095238,-0.289473684,0.461538462,0.197985381
05/04/2021,-44,-8,-23,-57,-39,24,11839,44,8,23,57,39,24,-0.556962025,-0.145454545,-0.56097561,-0.678571429,-0.513157895,0.615384615,0.527678731
06/04/2021,-45,-9,-26,-57,-41,25,10216,45,9,26,57,41,25,-0.569620253,-0.163636364,-0.634146341,-0.678571429,-0.539473684,0.641025641,0.455339633
07/04/2021,-47,-10,-26,-59,-41,25,9097,47,10,26,59,41,25,-0.594936709,-0.181818182,-0.634146341,-0.702380952,-0.539473684,0.641025641,0.405464432
08/04/2021,-45,-8,-26,-58,-41,24,9446,45,8,26,58,41,24,-0.569620253,-0.145454545,-0.634146341,-0.69047619,-0.539473684,0.615384615,0.42101979
09/04/2021,-52,-14,-29,-66,-56,31,8998,52,14,29,66,56,31,-0.658227848,-0.254545455,-0.707317073,-0.785714286,-0.736842105,0.794871795,0.401051881
10/04/2021,-50,-13,-30,-61,-26,21,8268,50,13,30,61,26,21,-0.632911392,-0.236363636,-0.731707317,-0.726190476,-0.342105263,0.538461538,0.368514887
11/04/2021,-53,-16,-26,-59,-18,18,5829,53,16,26,59,18,18,-0.670886076,-0.290909091,-0.634146341,-0.702380952,-0.236842105,0.461538462,0.259805669
12/04/2021,-41,-6,-24,-53,-34,23,10659,41,6,24,53,34,23,-0.518987342,-0.109090909,-0.585365854,-0.630952381,-0.447368421,0.58974359,0.475084685
13/04/2021,-41,-6,-26,-53,-38,23,8360,41,6,26,53,38,23,-0.518987342,-0.109090909,-0.634146341,-0.630952381,-0.5,0.58974359,0.372615439
14/04/2021,-42,-6,-26,-55,-38,24,7832,42,6,26,55,38,24,-0.53164557,-0.109090909,-0.634146341,-0.654761905,-0.5,0.615384615,0.349081833
15/04/2021,-38,0,-27,-53,-36,23,7619,38,0,27,53,36,23,-0.481012658,0,-0.658536585,-0.630952381,-0.473684211,0.58974359,0.339588162
16/04/2021,-40,-1,-31,-55,-34,25,7784,40,1,31,55,34,25,-0.506329114,-0.018181818,-0.756097561,-0.654761905,-0.447368421,0.641025641,0.346942414
17/04/2021,-40,-1,-29,-52,-19,19,4928,40,1,29,52,19,19,-0.506329114,-0.018181818,-0.707317073,-0.619047619,-0.25,0.487179487,0.219646996
18/04/2021,-44,-5,-26,-54,-13,17,3481,44,5,26,54,13,17,-0.556962025,-0.090909091,-0.634146341,-0.642857143,-0.171052632,0.435897436,0.155152434
19/04/2021,-39,-4,-26,-53,-35,22,7911,39,4,26,53,35,22,-0.493670886,-0.072727273,-0.634146341,-0.630952381,-0.460526316,0.564102564,0.35260296
20/04/2021,-38,-1,-26,-51,-37,23,7066,38,1,26,51,37,23,-0.481012658,-0.018181818,-0.634146341,-0.607142857,-0.486842105,0.58974359,0.314940275
21/04/2021,-39,-1,-25,-52,-36,23,6602,39,1,25,52,36,23,-0.493670886,-0.018181818,-0.609756098,-0.619047619,-0.473684211,0.58974359,0.294259226
22/04/2021,-40,-3,-26,-53,-36,23,6407,40,3,26,53,36,23,-0.506329114,-0.054545455,-0.634146341,-0.630952381,-0.473684211,0.58974359,0.285567837
23/04/2021,-41,-4,-29,-55,-33,25,6590,41,4,29,55,33,25,-0.518987342,-0.072727273,-0.707317073,-0.654761905,-0.434210526,0.641025641,0.293724372
24/04/2021,-38,0,-25,-51,-17,18,4677,38,0,25,51,17,18,-0.481012658,0,-0.609756098,-0.607142857,-0.223684211,0.461538462,0.208459618
25/04/2021,-42,-3,-19,-50,-11,15,3507,42,3,19,50,11,15,-0.53164557,-0.054545455,-0.463414634,-0.595238095,-0.144736842,0.384615385,0.156311285
26/04/2021,-38,-3,-22,-51,-32,22,7564,38,3,22,51,32,22,-0.481012658,-0.054545455,-0.536585366,-0.607142857,-0.421052632,0.564102564,0.337136745
27/04/2021,-38,-2,-23,-51,-36,23,6929,38,2,23,51,36,23,-0.481012658,-0.036363636,-0.56097561,-0.607142857,-0.473684211,0.58974359,0.308834017
28/04/2021,-38,-1,-23,-52,-35,23,6087,38,1,23,52,35,23,-0.481012658,-0.018181818,-0.56097561,-0.619047619,-0.460526316,0.58974359,0.271305045
29/04/2021,-37,1,-23,-51,-35,23,5535,37,1,23,51,35,23,-0.46835443,0.018181818,-0.56097561,-0.607142857,-0.460526316,0.58974359,0.246701729
30/04/2021,-34,8,-24,-49,-31,23,5959,34,8,24,49,31,23,-0.430379747,0.145454545,-0.585365854,-0.583333333,-0.407894737,0.58974359,0.265599929
01/05/2021,-34,9,-18,-48,-27,18,4185,34,9,18,48,27,18,-0.430379747,0.163636364,-0.43902439,-0.571428571,-0.355263158,0.461538462,0.186530576
02/05/2021,-37,4,-16,-45,-9,15,2828,37,4,16,45,9,15,-0.46835443,0.072727273,-0.390243902,-0.535714286,-0.118421053,0.384615385,0.126047424
03/05/2021,-31,6,-18,-46,-31,21,6497,31,6,18,46,31,21,-0.392405063,0.109090909,-0.43902439,-0.547619048,-0.407894737,0.538461538,0.289579248
04/05/2021,-33,5,-21,-47,-34,22,5404,33,5,21,47,34,22,-0.417721519,0.090909091,-0.512195122,-0.55952381,-0.447368421,0.564102564,0.240862899
05/05/2021,-33,5,-20,-48,-34,21,5269,33,5,20,48,34,21,-0.417721519,0.090909091,-0.487804878,-0.571428571,-0.447368421,0.538461538,0.234845784
06/05/2021,-34,4,-21,-48,-34,22,5050,34,4,21,48,34,22,-0.430379747,0.072727273,-0.512195122,-0.571428571,-0.447368421,0.564102564,0.225084685
07/05/2021,-36,2,-26,-50,-30,23,5894,36,2,26,50,30,23,-0.455696203,0.036363636,-0.634146341,-0.595238095,-0.394736842,0.58974359,0.262702799
08/05/2021,-32,6,-22,-45,-13,16,4094,32,6,22,45,13,16,-0.405063291,0.109090909,-0.536585366,-0.535714286,-0.171052632,0.41025641,0.182474594
09/05/2021,-29,12,-11,-42,-5,13,3539,29,12,11,42,5,13,-0.367088608,0.218181818,-0.268292683,-0.5,-0.065789474,0.333333333,0.157737565
10/05/2021,-32,4,-19,-47,-30,21,8580,32,4,19,47,30,21,-0.405063291,0.072727273,-0.463414634,-0.55952381,-0.394736842,0.538461538,0.382421109
11/05/2021,-33,5,-20,-46,-33,22,6803,33,5,20,46,33,22,-0.417721519,0.090909091,-0.487804878,-0.547619048,-0.434210526,0.564102564,0.303218042
12/05/2021,-32,7,-19,-45,-33,21,5751,32,7,19,45,33,21,-0.405063291,0.127272727,-0.463414634,-0.535714286,-0.434210526,0.538461538,0.256329114
13/05/2021,-33,7,-16,-53,-52,26,3661,33,7,16,53,52,26,-0.417721519,0.127272727,-0.390243902,-0.630952381,-0.684210526,0.666666667,0.163175254
14/05/2021,-32,9,-24,-47,-31,23,5368,32,9,24,47,31,23,-0.405063291,0.163636364,-0.585365854,-0.55952381,-0.407894737,0.58974359,0.239258335
15/05/2021,-28,15,-17,-41,-15,16,3746,28,15,17,41,15,16,-0.35443038,0.272727273,-0.414634146,-0.488095238,-0.197368421,0.41025641,0.166963808
16/05/2021,-32,10,-10,-39,-5,14,2900,32,10,10,39,5,14,-0.405063291,0.181818182,-0.243902439,-0.464285714,-0.065789474,0.358974359,0.129256552
17/05/2021,-26,13,-12,-41,-28,20,6042,26,13,12,41,28,20,-0.329113924,0.236363636,-0.292682927,-0.488095238,-0.368421053,0.512820513,0.26929934
18/05/2021,-27,12,-15,-41,-31,21,5632,27,12,15,41,31,21,-0.341772152,0.218181818,-0.365853659,-0.488095238,-0.407894737,0.538461538,0.251025138
19/05/2021,-28,12,-14,-43,-31,21,4859,28,12,14,43,31,21,-0.35443038,0.218181818,-0.341463415,-0.511904762,-0.407894737,0.538461538,0.216571581
20/05/2021,-28,12,-15,-45,-30,21,5383,28,12,15,45,30,21,-0.35443038,0.218181818,-0.365853659,-0.535714286,-0.394736842,0.538461538,0.239926903
21/05/2021,-29,11,-17,-45,-27,22,5447,29,11,17,45,27,22,-0.367088608,0.2,-0.414634146,-0.535714286,-0.355263158,0.564102564,0.242779462
22/05/2021,-27,14,-13,-38,-10,15,3635,27,14,13,38,10,15,-0.341772152,0.254545455,-0.317073171,-0.452380952,-0.131578947,0.384615385,0.162016402
23/05/2021,-31,10,-7,-39,-3,13,2937,31,10,7,39,3,13,-0.392405063,0.181818182,-0.170731707,-0.464285714,-0.039473684,0.333333333,0.130905687
24/05/2021,-26,12,-9,-40,-27,19,6770,26,12,9,40,27,19,-0.329113924,0.218181818,-0.219512195,-0.476190476,-0.355263158,0.487179487,0.301747192
25/05/2021,-26,15,-10,-40,-30,20,5832,26,15,10,40,30,20,-0.329113924,0.272727273,-0.243902439,-0.476190476,-0.394736842,0.512820513,0.259939383
26/05/2021,-27,14,-10,-42,-30,20,5366,27,14,10,42,30,20,-0.341772152,0.254545455,-0.243902439,-0.5,-0.394736842,0.512820513,0.239169192
27/05/2021,-26,15,-10,-43,-30,20,5242,26,15,10,43,30,20,-0.329113924,0.272727273,-0.243902439,-0.511904762,-0.394736842,0.512820513,0.23364236
28/05/2021,-27,15,-12,-44,-26,21,6114,27,15,12,44,26,21,-0.341772152,0.272727273,-0.292682927,-0.523809524,-0.342105263,0.538461538,0.272508469
29/05/2021,-22,22,-5,-36,-9,14,3728,22,22,5,36,9,14,-0.278481013,0.4,-0.12195122,-0.428571429,-0.118421053,0.358974359,0.166161526
30/05/2021,-28,14,-3,-38,-5,13,3024,28,14,3,38,5,13,-0.35443038,0.254545455,-0.073170732,-0.452380952,-0.065789474,0.333333333,0.134783384
31/05/2021,-19,22,-1,-38,-27,18,6743,19,22,1,38,27,18,-0.240506329,0.4,-0.024390244,-0.452380952,-0.355263158,0.461538462,0.300543769
01/06/2021,-23,20,-9,-40,-31,20,6452,23,20,9,40,31,20,-0.291139241,0.363636364,-0.219512195,-0.476190476,-0.407894737,0.512820513,0.287573543
02/06/2021,-30,10,-14,-44,-32,21,5252,30,10,14,44,32,21,-0.379746835,0.181818182,-0.341463415,-0.523809524,-0.421052632,0.538461538,0.234088073
03/06/2021,-26,16,-10,-43,-30,21,5083,26,16,10,43,30,21,-0.329113924,0.290909091,-0.243902439,-0.511904762,-0.394736842,0.538461538,0.226555536
04/06/2021,-28,13,-13,-44,-25,22,5915,28,13,13,44,25,22,-0.35443038,0.236363636,-0.317073171,-0.523809524,-0.328947368,0.564102564,0.263638795
05/06/2021,-24,19,-10,-38,-9,15,3763,24,19,10,38,9,15,-0.303797468,0.345454545,-0.243902439,-0.452380952,-0.118421053,0.384615385,0.167721519
06/06/2021,-30,12,-8,-40,-5,14,3071,30,12,8,40,5,14,-0.379746835,0.218181818,-0.195121951,-0.476190476,-0.065789474,0.358974359,0.136878231
07/06/2021,-24,15,-5,-40,-26,19,7856,24,15,5,40,26,19,-0.303797468,0.272727273,-0.12195122,-0.476190476,-0.342105263,0.487179487,0.350151542
08/06/2021,-26,13,-9,-40,-30,20,6286,26,13,9,40,30,20,-0.329113924,0.236363636,-0.219512195,-0.476190476,-0.394736842,0.512820513,0.280174719
09/06/2021,-28,11,-11,-43,-29,21,7423,28,11,11,43,29,21,-0.35443038,0.2,-0.268292683,-0.511904762,-0.381578947,0.538461538,0.330852202
10/06/2021,-25,17,-9,-42,-28,20,7829,25,17,9,42,28,20,-0.316455696,0.309090909,-0.219512195,-0.5,-0.368421053,0.512820513,0.348948119
11/06/2021,-28,14,-14,-43,-26,21,6538,28,14,14,43,26,21,-0.35443038,0.254545455,-0.341463415,-0.511904762,-0.342105263,0.538461538,0.291406668
12/06/2021,-27,17,-9,-42,-22,16,5100,27,17,9,42,22,16,-0.341772152,0.309090909,-0.219512195,-0.5,-0.289473684,0.41025641,0.227313247
13/06/2021,-32,9,-8,-41,-6,13,2809,32,9,8,41,6,13,-0.405063291,0.163636364,-0.195121951,-0.488095238,-0.078947368,0.333333333,0.125200571
14/06/2021,-22,17,-3,-39,-26,18,6783,22,17,3,39,26,18,-0.278481013,0.309090909,-0.073170732,-0.464285714,-0.342105263,0.461538462,0.302326618
15/06/2021,-19,25,-3,-37,-29,18,5222,19,25,3,37,29,18,-0.240506329,0.454545455,-0.073170732,-0.44047619,-0.381578947,0.461538462,0.232750936
16/06/2021,-21,23,-5,-40,-29,18,4703,21,23,5,40,29,18,-0.265822785,0.418181818,-0.12195122,-0.476190476,-0.381578947,0.461538462,0.20961847
17/06/2021,-22,19,-7,-41,-30,18,4955,22,19,7,41,30,18,-0.278481013,0.345454545,-0.170731707,-0.488095238,-0.394736842,0.461538462,0.220850419
18/06/2021,-25,15,-12,-44,-27,20,4991,25,15,12,44,27,20,-0.316455696,0.272727273,-0.292682927,-0.523809524,-0.355263158,0.512820513,0.222454983
19/06/2021,-22,19,-9,-38,-12,13,3223,22,19,9,38,12,13,-0.278481013,0.345454545,-0.219512195,-0.452380952,-0.157894737,0.333333333,0.143653058
20/06/2021,-26,15,-2,-39,-7,11,2582,26,15,2,39,7,11,-0.329113924,0.272727273,-0.048780488,-0.464285714,-0.092105263,0.282051282,0.115082902
21/06/2021,-25,12,-7,-42,-29,18,6120,25,12,7,42,29,18,-0.316455696,0.218181818,-0.170731707,-0.5,-0.381578947,0.461538462,0.272775896
22/06/2021,-25,14,-10,-42,-32,19,5212,25,14,10,42,32,19,-0.316455696,0.254545455,-0.243902439,-0.5,-0.421052632,0.487179487,0.232305224
23/06/2021,-26,14,-9,-43,-31,19,5172,26,14,9,43,31,19,-0.329113924,0.254545455,-0.219512195,-0.511904762,-0.407894737,0.487179487,0.230522375
24/06/2021,-26,13,-8,-45,-32,20,4495,26,13,8,45,32,20,-0.329113924,0.236363636,-0.195121951,-0.535714286,-0.421052632,0.512820513,0.200347656
25/06/2021,-27,14,-15,-45,-27,21,4795,27,14,15,45,27,21,-0.341772152,0.254545455,-0.365853659,-0.535714286,-0.355263158,0.538461538,0.213719023
26/06/2021,-24,18,-11,-39,-11,14,3139,24,18,11,39,11,14,-0.303797468,0.327272727,-0.268292683,-0.464285714,-0.144736842,0.358974359,0.139909075
27/06/2021,-31,11,-8,-42,-7,13,2592,31,11,8,42,7,13,-0.392405063,0.2,-0.195121951,-0.5,-0.092105263,0.333333333,0.115528615
28/06/2021,-23,14,-5,-41,-28,18,5628,23,14,5,41,28,18,-0.291139241,0.254545455,-0.12195122,-0.488095238,-0.368421053,0.461538462,0.250846853
29/06/2021,-22,18,-6,-41,-30,18,4461,22,18,6,41,30,18,-0.278481013,0.327272727,-0.146341463,-0.488095238,-0.394736842,0.461538462,0.198832234
30/06/2021,-22,20,-7,-42,-31,17,4604,22,20,7,42,31,17,-0.278481013,0.363636364,-0.170731707,-0.5,-0.407894737,0.435897436,0.205205919
01/07/2021,-20,22,-8,-41,-29,19,4495,20,22,8,41,29,19,-0.253164557,0.4,-0.195121951,-0.488095238,-0.381578947,0.487179487,0.200347656
02/07/2021,-24,18,-14,-44,-27,21,4565,24,18,14,44,27,21,-0.303797468,0.327272727,-0.341463415,-0.523809524,-0.355263158,0.538461538,0.203467641
03/07/2021,-25,15,-16,-39,-12,16,2933,25,15,16,39,12,16,-0.316455696,0.272727273,-0.390243902,-0.464285714,-0.157894737,0.41025641,0.130727402
04/07/2021,-29,13,-10,-40,-7,14,2513,29,13,10,40,7,14,-0.367088608,0.236363636,-0.243902439,-0.476190476,-0.092105263,0.358974359,0.112007488
05/07/2021,-20,19,-6,-39,-26,18,5690,20,19,6,39,26,18,-0.253164557,0.345454545,-0.146341463,-0.464285714,-0.342105263,0.461538462,0.253610269
06/07/2021,-24,15,-11,-40,-29,20,4202,24,15,11,40,29,20,-0.303797468,0.272727273,-0.268292683,-0.476190476,-0.381578947,0.512820513,0.187288287
07/07/2021,-22,24,-5,-41,-28,19,4310,22,24,5,41,28,19,-0.278481013,0.436363636,-0.12195122,-0.488095238,-0.368421053,0.487179487,0.192101979
08/07/2021,-22,22,-5,-41,-28,19,4600,22,22,5,41,28,19,-0.278481013,0.4,-0.12195122,-0.488095238,-0.368421053,0.487179487,0.205027634
09/07/2021,-24,20,-11,-44,-24,21,5853,24,20,11,44,24,21,-0.303797468,0.363636364,-0.268292683,-0.523809524,-0.315789474,0.538461538,0.260875379
10/07/2021,-23,20,-11,-38,-9,15,5046,23,20,11,38,9,15,-0.291139241,0.363636364,-0.268292683,-0.452380952,-0.118421053,0.384615385,0.2249064
11/07/2021,-25,26,-1,-37,-3,12,2996,25,26,1,37,3,12,-0.316455696,0.472727273,-0.024390244,-0.44047619,-0.039473684,0.307692308,0.13353539
12/07/2021,-20,19,-3,-39,-25,18,6504,20,19,3,39,25,18,-0.253164557,0.345454545,-0.073170732,-0.464285714,-0.328947368,0.461538462,0.289891246
13/07/2021,-22,18,-7,-40,-29,19,4490,22,18,7,40,29,19,-0.278481013,0.327272727,-0.170731707,-0.476190476,-0.381578947,0.487179487,0.200124799
14/07/2021,-22,19,-6,-41,-28,19,4618,22,19,6,41,28,19,-0.278481013,0.345454545,-0.146341463,-0.488095238,-0.368421053,0.487179487,0.205829916
15/07/2021,-17,26,-5,-39,-27,18,4296,17,26,5,39,27,18,-0.215189873,0.472727273,-0.12195122,-0.464285714,-0.355263158,0.461538462,0.191477982
16/07/2021,-19,26,-9,-41,-24,20,4977,19,26,9,41,24,20,-0.240506329,0.472727273,-0.219512195,-0.488095238,-0.315789474,0.512820513,0.221830986
17/07/2021,-19,24,-8,-35,-9,14,3417,19,24,8,35,9,14,-0.240506329,0.436363636,-0.195121951,-0.416666667,-0.118421053,0.358974359,0.152299875
18/07/2021,-25,18,-2,-36,-4,12,2484,25,18,2,36,4,12,-0.316455696,0.327272727,-0.048780488,-0.428571429,-0.052631579,0.307692308,0.110714922
19/07/2021,-20,18,-5,-38,-27,18,6177,20,18,5,38,27,18,-0.253164557,0.327272727,-0.12195122,-0.452380952,-0.355263158,0.461538462,0.275316456
20/07/2021,-24,16,-7,-47,-53,24,4459,24,16,7,47,53,24,-0.303797468,0.290909091,-0.170731707,-0.55952381,-0.697368421,0.615384615,0.198743091
21/07/2021,-30,7,-13,-43,-31,21,5289,30,7,13,43,31,21,-0.379746835,0.127272727,-0.317073171,-0.511904762,-0.407894737,0.538461538,0.235737208
22/07/2021,-29,8,-17,-44,-31,21,4953,29,8,17,44,31,21,-0.367088608,0.145454545,-0.414634146,-0.523809524,-0.407894737,0.538461538,0.220761277
23/07/2021,-30,9,-22,-47,-28,23,5822,30,9,22,47,28,23,-0.379746835,0.163636364,-0.536585366,-0.55952381,-0.368421053,0.58974359,0.259493671
24/07/2021,-36,4,-24,-49,-18,19,3793,36,4,24,49,18,19,-0.455696203,0.072727273,-0.585365854,-0.583333333,-0.236842105,0.487179487,0.169058656
25/07/2021,-38,3,-20,-47,-10,17,3330,38,3,20,47,10,17,-0.481012658,0.054545455,-0.487804878,-0.55952381,-0.131578947,0.435897436,0.148422179
26/07/2021,-19,22,-5,-39,-26,19,7226,19,22,5,39,26,19,-0.240506329,0.4,-0.12195122,-0.464285714,-0.342105263,0.487179487,0.322071671
27/07/2021,-23,17,-10,-38,-29,20,6575,23,17,10,38,29,20,-0.291139241,0.309090909,-0.243902439,-0.452380952,-0.381578947,0.512820513,0.293055803
28/07/2021,-27,12,-13,-42,-30,21,6475,27,12,13,42,30,21,-0.341772152,0.218181818,-0.317073171,-0.5,-0.394736842,0.538461538,0.288598681
29/07/2021,-24,18,-13,-41,-30,20,6277,24,18,13,41,30,20,-0.303797468,0.327272727,-0.317073171,-0.488095238,-0.394736842,0.512820513,0.279773578
30/07/2021,-20,25,-13,-40,-25,20,7693,20,25,13,40,25,20,-0.253164557,0.454545455,-0.317073171,-0.476190476,-0.328947368,0.512820513,0.342886433
31/07/2021,-18,31,-12,-33,-8,14,5635,18,31,12,33,8,14,-0.227848101,0.563636364,-0.292682927,-0.392857143,-0.105263158,0.358974359,0.251158852
01/08/2021,-29,20,-13,-40,-5,14,5299,29,20,13,40,5,14,-0.367088608,0.363636364,-0.317073171,-0.476190476,-0.065789474,0.358974359,0.23618292
02/08/2021,-20,24,-6,-38,-27,19,9926,20,24,6,38,27,19,-0.253164557,0.436363636,-0.146341463,-0.452380952,-0.355263158,0.487179487,0.442413978
03/08/2021,-22,23,-10,-38,-31,20,8928,22,23,10,38,31,20,-0.278481013,0.418181818,-0.243902439,-0.452380952,-0.407894737,0.512820513,0.397931895
04/08/2021,-22,24,-8,-39,-30,20,9067,22,24,8,39,30,20,-0.278481013,0.436363636,-0.195121951,-0.464285714,-0.394736842,0.512820513,0.404127295
05/08/2021,-19,30,-9,-35,-30,19,9518,19,30,9,35,30,19,-0.240506329,0.545454545,-0.219512195,-0.416666667,-0.394736842,0.487179487,0.424228918
06/08/2021,-39,6,-21,-57,-34,26,10493,39,6,21,57,34,26,-0.493670886,0.109090909,-0.512195122,-0.678571429,-0.447368421,0.666666667,0.467685862
07/08/2021,-40,5,-23,-55,-18,21,7772,40,5,23,55,18,21,-0.506329114,0.090909091,-0.56097561,-0.654761905,-0.236842105,0.538461538,0.346407559
08/08/2021,-46,-2,-22,-57,-13,19,5964,46,2,22,57,13,19,-0.582278481,-0.036363636,-0.536585366,-0.678571429,-0.171052632,0.487179487,0.265822785
09/08/2021,-34,7,-14,-53,-34,24,14154,34,7,14,53,34,24,-0.430379747,0.127272727,-0.341463415,-0.630952381,-0.447368421,0.615384615,0.630861116
10/08/2021,-33,11,-13,-51,-38,24,13191,33,11,13,51,38,24,-0.417721519,0.2,-0.317073171,-0.607142857,-0.5,0.615384615,0.587939027
11/08/2021,-34,11,-13,-53,-36,24,11980,34,11,13,53,36,24,-0.430379747,0.2,-0.317073171,-0.630952381,-0.473684211,0.615384615,0.533963273
12/08/2021,-34,11,-14,-53,-36,24,12016,34,11,14,53,36,24,-0.430379747,0.2,-0.341463415,-0.630952381,-0.473684211,0.615384615,0.535567837
13/08/2021,-37,9,-21,-55,-33,26,12861,37,9,21,55,33,26,-0.46835443,0.163636364,-0.512195122,-0.654761905,-0.434210526,0.666666667,0.573230522
14/08/2021,-35,13,-22,-51,-17,20,8930,35,13,22,51,17,20,-0.443037975,0.236363636,-0.536585366,-0.607142857,-0.223684211,0.512820513,0.398021038
15/08/2021,-41,7,-19,-53,-12,18,7380,41,7,19,53,12,18,-0.518987342,0.127272727,-0.463414634,-0.630952381,-0.157894737,0.461538462,0.328935639
16/08/2021,-30,15,-8,-50,-34,23,15747,30,15,8,50,34,23,-0.379746835,0.272727273,-0.195121951,-0.595238095,-0.447368421,0.58974359,0.701863077
17/08/2021,-33,12,-13,-50,-37,24,14090,33,12,13,50,37,24,-0.417721519,0.218181818,-0.317073171,-0.595238095,-0.486842105,0.615384615,0.628008558
18/08/2021,-35,7,-14,-52,-35,24,14025,35,7,14,52,35,24,-0.443037975,0.127272727,-0.341463415,-0.619047619,-0.460526316,0.615384615,0.625111428
19/08/2021,-34,10,-14,-53,-37,24,13592,34,10,14,53,37,24,-0.430379747,0.181818182,-0.341463415,-0.630952381,-0.486842105,0.615384615,0.605812088
20/08/2021,-36,9,-20,-54,-33,26,16616,36,9,20,54,33,26,-0.455696203,0.163636364,-0.487804878,-0.642857143,-0.434210526,0.666666667,0.740595472
21/08/2021,-34,11,-19,-49,-24,20,10181,34,11,19,49,24,20,-0.430379747,0.2,-0.463414634,-0.583333333,-0.315789474,0.512820513,0.45377964
22/08/2021,-40,3,-19,-51,-11,18,7802,40,3,19,51,11,18,-0.506329114,0.054545455,-0.463414634,-0.607142857,-0.144736842,0.461538462,0.347744696
23/08/2021,-28,13,-10,-46,-30,22,18135,28,13,10,46,30,22,-0.35443038,0.236363636,-0.243902439,-0.547619048,-0.394736842,0.564102564,0.808299162
24/08/2021,-31,10,-14,-46,-34,23,17552,31,10,14,46,34,23,-0.392405063,0.181818182,-0.341463415,-0.547619048,-0.447368421,0.58974359,0.782314138
25/08/2021,-30,14,-12,-47,-34,23,17351,30,14,12,47,34,23,-0.379746835,0.254545455,-0.292682927,-0.55952381,-0.447368421,0.58974359,0.773355322
26/08/2021,-30,14,-15,-47,-34,23,15713,30,14,15,47,34,23,-0.379746835,0.254545455,-0.365853659,-0.55952381,-0.447368421,0.58974359,0.700347656
27/08/2021,-32,12,-19,-50,-30,25,17198,32,12,19,50,30,25,-0.405063291,0.218181818,-0.463414634,-0.595238095,-0.394736842,0.641025641,0.766535924
28/08/2021,-31,15,-20,-45,-14,18,12736,31,15,20,45,14,18,-0.392405063,0.272727273,-0.487804878,-0.535714286,-0.184210526,0.461538462,0.567659119
29/08/2021,-38,7,-17,-48,-11,17,9531,38,7,17,48,11,17,-0.481012658,0.127272727,-0.414634146,-0.571428571,-0.144736842,0.435897436,0.424808344
30/08/2021,-32,9,-10,-55,-56,27,14879,32,9,10,55,56,27,-0.405063291,0.163636364,-0.243902439,-0.654761905,-0.736842105,0.692307692,0.663175254
31/08/2021,-25,21,-11,-42,-32,21,21454,25,21,11,42,32,21,-0.316455696,0.381818182,-0.268292683,-0.5,-0.421052632,0.538461538,0.956231057
01/09/2021,-29,17,-14,-46,-34,23,20921,29,17,14,46,34,23,-0.367088608,0.309090909,-0.341463415,-0.547619048,-0.447368421,0.58974359,0.932474594
02/09/2021,-28,17,-15,-48,-33,23,18102,28,17,15,48,33,23,-0.35443038,0.309090909,-0.365853659,-0.571428571,-0.434210526,0.58974359,0.806828312
03/09/2021,-31,14,-19,-50,-30,24,21065,31,14,19,50,30,24,-0.392405063,0.254545455,-0.463414634,-0.595238095,-0.394736842,0.615384615,0.938892851
04/09/2021,-30,16,-21,-46,-14,19,13160,30,16,21,46,14,19,-0.379746835,0.290909091,-0.512195122,-0.547619048,-0.184210526,0.487179487,0.586557319
05/09/2021,-37,9,-17,-48,-11,17,10732,37,9,17,48,11,17,-0.46835443,0.163636364,-0.414634146,-0.571428571,-0.144736842,0.435897436,0.478338385
06/09/2021,-28,12,-15,-46,-31,22,22408,28,12,15,46,31,22,-0.35443038,0.218181818,-0.365853659,-0.547619048,-0.407894737,0.564102564,0.998752006
07/09/2021,-29,14,-18,-47,-35,23,21110,29,14,18,47,35,23,-0.367088608,0.254545455,-0.43902439,-0.55952381,-0.460526316,0.58974359,0.940898556
08/09/2021,-40,-4,-25,-55,-39,26,17851,40,4,25,55,39,26,-0.506329114,-0.072727273,-0.609756098,-0.654761905,-0.513157895,0.666666667,0.795640934
09/09/2021,-28,17,-15,-48,-34,22,17919,28,17,15,48,34,22,-0.35443038,0.309090909,-0.365853659,-0.571428571,-0.447368421,0.564102564,0.798671778
10/09/2021,-31,14,-21,-50,-30,24,21898,31,14,21,50,30,24,-0.392405063,0.254545455,-0.512195122,-0.595238095,-0.394736842,0.615384615,0.976020681
11/09/2021,-33,10,-26,-48,-15,20,13812,33,10,26,48,15,20,-0.417721519,0.181818182,-0.634146341,-0.571428571,-0.197368421,0.512820513,0.615617757
12/09/2021,-37,8,-21,-50,-10,18,10389,37,8,21,50,10,18,-0.46835443,0.145454545,-0.512195122,-0.595238095,-0.131578947,0.461538462,0.463050455
13/09/2021,-26,16,-10,-45,-30,21,22436,26,16,10,45,30,21,-0.329113924,0.290909091,-0.243902439,-0.535714286,-0.394736842,0.538461538,1
14/09/2021,-26,17,-12,-45,-34,22,19543,26,17,12,45,34,22,-0.329113924,0.309090909,-0.292682927,-0.535714286,-0.447368421,0.564102564,0.871055447
15/09/2021,-24,23,-10,-44,-33,22,18792,24,23,10,44,33,22,-0.303797468,0.418181818,-0.243902439,-0.523809524,-0.434210526,0.564102564,0.837582457
16/09/2021,-25,21,-15,-46,-33,22,16043,25,21,15,46,33,22,-0.316455696,0.381818182,-0.365853659,-0.547619048,-0.434210526,0.564102564,0.71505616
17/09/2021,-26,20,-16,-47,-30,23,17897,26,20,16,47,30,23,-0.329113924,0.363636364,-0.390243902,-0.55952381,-0.394736842,0.58974359,0.797691211
18/09/2021,-24,22,-15,-42,-14,17,11686,24,22,15,42,14,17,-0.303797468,0.4,-0.365853659,-0.5,-0.184210526,0.435897436,0.520859333
19/09/2021,-34,10,-17,-46,-11,17,8882,34,10,17,46,11,17,-0.430379747,0.181818182,-0.414634146,-0.547619048,-0.144736842,0.435897436,0.395881619
20/09/2021,-23,17,-10,-43,-31,22,21112,23,17,10,43,31,22,-0.291139241,0.309090909,-0.243902439,-0.511904762,-0.407894737,0.564102564,0.940987698
21/09/2021,-23,21,-9,-43,-33,22,18545,23,21,9,43,33,22,-0.291139241,0.381818182,-0.219512195,-0.511904762,-0.434210526,0.564102564,0.826573364
22/09/2021,-24,19,-10,-45,-31,22,17225,24,19,10,45,31,22,-0.303797468,0.345454545,-0.243902439,-0.535714286,-0.407894737,0.564102564,0.767739347
23/09/2021,-25,18,-10,-45,-31,22,14282,25,18,10,45,31,22,-0.316455696,0.327272727,-0.243902439,-0.535714286,-0.407894737,0.564102564,0.636566233
24/09/2021,-26,18,-14,-47,-28,23,13580,26,18,14,47,28,23,-0.329113924,0.327272727,-0.341463415,-0.55952381,-0.368421053,0.58974359,0.605277233
25/09/2021,-23,21,-12,-41,-12,17,8770,23,21,12,41,12,17,-0.291139241,0.381818182,-0.292682927,-0.488095238,-0.157894737,0.435897436,0.390889642
26/09/2021,-30,14,-9,-44,-8,15,6608,30,14,9,44,8,15,-0.379746835,0.254545455,-0.219512195,-0.523809524,-0.105263158,0.384615385,0.294526654
27/09/2021,-22,19,-5,-42,-28,21,14709,22,19,5,42,28,21,-0.278481013,0.345454545,-0.12195122,-0.5,-0.368421053,0.538461538,0.655598146
28/09/2021,-23,19,-7,-42,-31,21,12941,23,19,7,42,31,21,-0.291139241,0.345454545,-0.170731707,-0.5,-0.407894737,0.538461538,0.57679622
29/09/2021,-23,21,-5,-43,-31,21,10952,23,21,5,43,31,21,-0.291139241,0.381818182,-0.12195122,-0.511904762,-0.407894737,0.538461538,0.488144054
30/09/2021,-19,28,-7,-41,-29,21,10607,19,28,7,41,29,21,-0.240506329,0.509090909,-0.170731707,-0.488095238,-0.381578947,0.538461538,0.472766982
01/10/2021,-21,27,-12,-44,-26,22,10595,21,27,12,44,26,22,-0.265822785,0.490909091,-0.292682927,-0.523809524,-0.342105263,0.564102564,0.472232127
02/10/2021,-20,26,-12,-39,-11,16,6294,20,26,12,39,11,16,-0.253164557,0.472727273,-0.292682927,-0.464285714,-0.144736842,0.41025641,0.280531289
03/10/2021,-26,21,-8,-40,-7,15,4714,26,21,8,40,7,15,-0.329113924,0.381818182,-0.195121951,-0.476190476,-0.092105263,0.384615385,0.210108754
04/10/2021,-21,20,-9,-42,-28,21,9566,21,20,9,42,28,21,-0.265822785,0.363636364,-0.219512195,-0.5,-0.368421053,0.538461538,0.426368337
05/10/2021,-24,16,-14,-43,-31,21,8252,24,16,14,43,31,21,-0.303797468,0.290909091,-0.341463415,-0.511904762,-0.407894737,0.538461538,0.367801747
06/10/2021,-21,23,-7,-42,-29,21,7871,21,23,7,42,29,21,-0.265822785,0.418181818,-0.170731707,-0.5,-0.381578947,0.538461538,0.350820111
07/10/2021,-21,23,-7,-42,-28,21,7584,21,23,7,42,28,21,-0.265822785,0.418181818,-0.170731707,-0.5,-0.368421053,0.538461538,0.338028169
08/10/2021,-23,21,-13,-44,-26,22,7153,23,21,13,44,26,22,-0.291139241,0.381818182,-0.317073171,-0.523809524,-0.342105263,0.564102564,0.318817971
09/10/2021,-20,24,-12,-39,-10,16,4725,20,24,12,39,10,16,-0.253164557,0.436363636,-0.292682927,-0.464285714,-0.131578947,0.41025641,0.210599037
10/10/2021,-24,20,-6,-40,-5,14,3969,24,20,6,40,5,14,-0.303797468,0.363636364,-0.146341463,-0.476190476,-0.065789474,0.358974359,0.176903191
11/10/2021,-21,17,-9,-41,-26,20,7905,21,17,9,41,26,20,-0.265822785,0.309090909,-0.219512195,-0.488095238,-0.342105263,0.512820513,0.352335532
12/10/2021,-25,15,-12,-43,-31,21,6041,25,15,12,43,31,21,-0.316455696,0.272727273,-0.292682927,-0.511904762,-0.407894737,0.538461538,0.269254769
13/10/2021,-21,20,-7,-42,-28,20,5896,21,20,7,42,28,20,-0.265822785,0.363636364,-0.170731707,-0.5,-0.368421053,0.512820513,0.262791942
14/10/2021,-20,21,-8,-42,-27,20,5354,20,21,8,42,27,20,-0.253164557,0.381818182,-0.195121951,-0.5,-0.355263158,0.512820513,0.238634338
15/10/2021,-19,26,-12,-41,-24,21,5401,19,26,12,41,24,21,-0.240506329,0.472727273,-0.292682927,-0.488095238,-0.315789474,0.538461538,0.240729185
16/10/2021,-12,35,-3,-33,-8,14,3654,12,35,3,33,8,14,-0.151898734,0.636363636,-0.073170732,-0.392857143,-0.105263158,0.358974359,0.162863255
17/10/2021,-17,30,6,-34,-2,13,2615,17,30,6,34,2,13,-0.215189873,0.545454545,0.146341463,-0.404761905,-0.026315789,0.333333333,0.116553753
18/10/2021,-14,27,2,-36,-25,19,5556,14,27,2,36,25,19,-0.17721519,0.490909091,0.048780488,-0.428571429,-0.328947368,0.487179487,0.247637725
19/10/2021,-15,27,0,-37,-28,20,4384,15,27,0,37,28,20,-0.189873418,0.490909091,0,-0.44047619,-0.368421053,0.512820513,0.19540025
20/10/2021,-16,26,0,-38,-27,20,4142,16,26,0,38,27,20,-0.202531646,0.472727273,0,-0.452380952,-0.355263158,0.512820513,0.184614013
21/10/2021,-16,27,-1,-39,-26,20,3658,16,27,1,39,26,20,-0.202531646,0.490909091,-0.024390244,-0.464285714,-0.342105263,0.512820513,0.16304154
22/10/2021,-17,27,-4,-40,-23,21,3406,17,27,4,40,23,21,-0.215189873,0.490909091,-0.097560976,-0.476190476,-0.302631579,0.538461538,0.151809592
23/10/2021,-15,27,-2,-34,-7,15,2128,15,27,2,34,7,15,-0.189873418,0.490909091,-0.048780488,-0.404761905,-0.092105263,0.384615385,0.094847566
24/10/2021,-19,25,8,-35,-3,13,1806,19,25,8,35,3,13,-0.240506329,0.454545455,0.195121951,-0.416666667,-0.039473684,0.333333333,0.080495632
25/10/2021,-15,25,3,-37,-24,19,3966,15,25,3,37,24,19,-0.189873418,0.454545455,0.073170732,-0.44047619,-0.315789474,0.487179487,0.176769478
26/10/2021,-13,31,5,-34,-26,19,2930,13,31,5,34,26,19,-0.164556962,0.563636364,0.12195122,-0.404761905,-0.342105263,0.487179487,0.130593689
27/10/2021,-13,30,8,-36,-26,19,2708,13,30,8,36,26,19,-0.164556962,0.545454545,0.195121951,-0.428571429,-0.342105263,0.487179487,0.120698877
28/10/2021,-11,33,11,-35,-25,18,2561,11,33,11,35,25,18,-0.139240506,0.6,0.268292683,-0.416666667,-0.328947368,0.461538462,0.114146907
29/10/2021,-9,38,1,-34,-21,19,2346,9,38,1,34,21,19,-0.113924051,0.690909091,0.024390244,-0.404761905,-0.276315789,0.487179487,0.104564093
30/10/2021,-5,44,8,-24,-5,12,1596,5,44,8,24,5,12,-0.063291139,0.8,0.195121951,-0.285714286,-0.065789474,0.307692308,0.071135675
31/10/2021,-10,40,21,-27,-1,10,1224,10,40,21,27,1,10,-0.126582278,0.727272727,0.512195122,-0.321428571,-0.013157895,0.256410256,0.054555179
01/11/2021,-22,21,22,-49,-62,24,1466,22,21,22,49,62,24,-0.278481013,0.381818182,0.536585366,-0.583333333,-0.815789474,0.615384615,0.065341416
02/11/2021,-13,31,6,-35,-30,19,2336,13,31,6,35,30,19,-0.164556962,0.563636364,0.146341463,-0.416666667,-0.394736842,0.487179487,0.104118381
03/11/2021,-11,34,7,-33,-24,18,2082,11,34,7,33,24,18,-0.139240506,0.618181818,0.170731707,-0.392857143,-0.315789474,0.461538462,0.09279729
04/11/2021,-11,31,7,-35,-24,18,1922,11,31,7,35,24,18,-0.139240506,0.563636364,0.170731707,-0.416666667,-0.315789474,0.461538462,0.085665894
05/11/2021,-12,32,2,-37,-20,20,2090,12,32,2,37,20,20,-0.151898734,0.581818182,0.048780488,-0.44047619,-0.263157895,0.512820513,0.09315386
06/11/2021,-6,36,9,-29,-3,13,1572,6,36,9,29,3,13,-0.075949367,0.654545455,0.219512195,-0.345238095,-0.039473684,0.333333333,0.070065965
07/11/2021,-10,33,19,-29,2,11,1005,10,33,19,29,2,11,-0.126582278,0.6,0.463414634,-0.345238095,0.026315789,0.282051282,0.044794081
08/11/2021,-8,31,10,-33,-21,18,1696,8,31,10,33,21,18,-0.101265823,0.563636364,0.243902439,-0.392857143,-0.276315789,0.461538462,0.075592797
09/11/2021,-11,30,4,-34,-25,19,1465,11,30,4,34,25,19,-0.139240506,0.545454545,0.097560976,-0.404761905,-0.328947368,0.487179487,0.065296844
10/11/2021,-9,34,9,-34,-23,18,1316,9,34,9,34,23,18,-0.113924051,0.618181818,0.219512195,-0.404761905,-0.302631579,0.461538462,0.058655732
11/11/2021,-8,34,7,-34,-22,18,1155,8,34,7,34,22,18,-0.101265823,0.618181818,0.170731707,-0.404761905,-0.289473684,0.461538462,0.051479765
12/11/2021,-10,32,2,-35,-19,19,1173,10,32,2,35,19,19,-0.126582278,0.581818182,0.048780488,-0.416666667,-0.25,0.487179487,0.052282047
13/11/2021,-3,39,8,-25,-2,13,673,3,39,8,25,2,13,-0.037974684,0.709090909,0.195121951,-0.297619048,-0.026315789,0.333333333,0.029996434
14/11/2021,-5,38,21,-24,5,10,549,5,38,21,24,5,10,-0.063291139,0.690909091,0.512195122,-0.285714286,0.065789474,0.256410256,0.024469602
15/11/2021,-2,39,11,-28,-19,17,1272,2,39,11,28,19,17,-0.025316456,0.709090909,0.268292683,-0.333333333,-0.25,0.435897436,0.056694598
16/11/2021,0,45,12,-26,-23,18,976,0,45,12,26,23,18,0,0.818181818,0.292682927,-0.30952381,-0.302631579,0.461538462,0.043501515
17/11/2021,-3,41,12,-29,-22,18,859,3,41,12,29,22,18,-0.037974684,0.745454545,0.292682927,-0.345238095,-0.289473684,0.461538462,0.038286682
18/11/2021,-2,40,12,-29,-21,18,748,2,40,12,29,21,18,-0.025316456,0.727272727,0.292682927,-0.345238095,-0.276315789,0.461538462,0.033339276
19/11/2021,-4,38,8,-31,-18,19,749,4,38,8,31,18,19,-0.050632911,0.690909091,0.195121951,-0.369047619,-0.236842105,0.487179487,0.033383847
20/11/2021,1,41,13,-20,-1,12,541,1,41,13,20,1,12,0.012658228,0.745454545,0.317073171,-0.238095238,-0.013157895,0.307692308,0.024113033
21/11/2021,1,43,24,-18,5,10,413,1,43,24,18,5,10,0.012658228,0.781818182,0.585365854,-0.214285714,0.065789474,0.256410256,0.018407916
22/11/2021,-2,37,15,-27,-19,17,744,2,37,15,27,19,17,-0.025316456,0.672727273,0.365853659,-0.321428571,-0.25,0.435897436,0.033160991
23/11/2021,-3,38,12,-27,-22,18,676,3,38,12,27,22,18,-0.037974684,0.690909091,0.292682927,-0.321428571,-0.289473684,0.461538462,0.030130148
24/11/2021,-4,36,11,-29,-21,18,580,4,36,11,29,21,18,-0.050632911,0.654545455,0.268292683,-0.345238095,-0.276315789,0.461538462,0.02585131
25/11/2021,0,41,13,-26,-21,17,653,0,41,13,26,21,17,0,0.745454545,0.317073171,-0.30952381,-0.276315789,0.435897436,0.02910501
26/11/2021,-1,42,9,-26,-18,18,541,1,42,9,26,18,18,-0.012658228,0.763636364,0.219512195,-0.30952381,-0.236842105,0.461538462,0.024113033
27/11/2021,5,47,19,-15,0,11,376,5,47,19,15,0,11,0.063291139,0.854545455,0.463414634,-0.178571429,0,0.282051282,0.016758781
28/11/2021,1,42,28,-15,6,10,324,1,42,28,15,6,10,0.012658228,0.763636364,0.682926829,-0.178571429,0.078947368,0.256410256,0.014441077
29/11/2021,9,50,28,-19,-21,16,489,9,50,28,19,21,16,0.113924051,0.909090909,0.682926829,-0.226190476,-0.276315789,0.41025641,0.021795329
30/11/2021,11,53,34,-23,-48,20,324,11,53,34,23,48,20,0.139240506,0.963636364,0.829268293,-0.273809524,-0.631578947,0.512820513,0.014441077
01/12/2021,1,45,19,-23,-20,16,442,1,45,19,23,20,16,0.012658228,0.818181818,0.463414634,-0.273809524,-0.263157895,0.41025641,0.019700481
02/12/2021,0,44,15,-25,-20,17,469,0,44,15,25,20,17,0,0.8,0.365853659,-0.297619048,-0.263157895,0.435897436,0.020903904
03/12/2021,-2,41,10,-27,-16,18,427,2,41,10,27,16,18,-0.025316456,0.745454545,0.243902439,-0.321428571,-0.210526316,0.461538462,0.019031913
04/12/2021,6,48,20,-14,2,12,253,6,48,20,14,2,12,0.075949367,0.872727273,0.487804878,-0.166666667,0.026315789,0.307692308,0.01127652
05/12/2021,6,49,32,-9,10,9,191,6,49,32,9,10,9,0.075949367,0.890909091,0.780487805,-0.107142857,0.131578947,0.230769231,0.008513104
06/12/2021,4,44,24,-21,-16,16,349,4,44,24,21,16,16,0.050632911,0.8,0.585365854,-0.25,-0.210526316,0.41025641,0.015555357
07/12/2021,3,44,19,-19,-17,16,355,3,44,19,19,17,16,0.037974684,0.8,0.463414634,-0.226190476,-0.223684211,0.41025641,0.015822785
08/12/2021,10,51,30,-27,-41,20,242,10,51,30,27,41,20,0.126582278,0.927272727,0.731707317,-0.321428571,-0.539473684,0.512820513,0.010786236
09/12/2021,2,44,15,-24,-14,16,308,2,44,15,24,14,16,0.025316456,0.8,0.365853659,-0.285714286,-0.184210526,0.41025641,0.013727937
10/12/2021,4,48,12,-24,-10,17,301,4,48,12,24,10,17,0.050632911,0.872727273,0.292682927,-0.285714286,-0.131578947,0.435897436,0.013415939
11/12/2021,10,52,19,-11,8,11,182,10,52,19,11,8,11,0.126582278,0.945454545,0.463414634,-0.130952381,0.105263158,0.282051282,0.008111963
12/12/2021,12,55,29,-4,20,8,163,12,55,29,4,20,8,0.151898734,1,0.707317073,-0.047619048,0.263157895,0.205128205,0.00726511
